#query_id	ref_id	ref_start	ref_bp_aligned	query_coverage	query_identity
K00271:265:HNN3CBBXX:2:1101:9780:1103	hs_ref_GRCh38_p12_146	49401703	37	37.00	100.00
K00271:265:HNN3CBBXX:2:1101:14245:1103	hs_ref_GRCh38_p12_49	8916751	44	44.00	100.00
K00271:265:HNN3CBBXX:2:1101:17817:1103	hs_ref_GRCh38_p12_146	28677133	88	88.00	98.86
K00271:265:HNN3CBBXX:2:1101:17817:1103	hs_ref_GRCh38_p12_146	28677131	62	62.00	100.00
K00271:265:HNN3CBBXX:2:1101:19096:1103	hs_ref_GRCh38_p12_292	19074242	37	37.00	97.30
K00271:265:HNN3CBBXX:2:1101:19096:1103	hs_ref_GRCh38_p12_17	13472860	32	32.00	96.88
K00271:265:HNN3CBBXX:2:1101:23155:1103	hs_ref_GRCh38_p12_13	38076550	76	76.00	91.14
K00271:265:HNN3CBBXX:2:1101:23155:1103	hs_ref_GRCh38_p12_13	38076596	33	33.00	100.00
K00271:265:HNN3CBBXX:2:1101:23155:1103	hs_ref_GRCh38_p12_13	38076596	33	33.00	100.00
K00271:265:HNN3CBBXX:2:1101:29143:1103	hs_ref_GRCh38_p12_38	265674	72	72.00	97.22
K00271:265:HNN3CBBXX:2:1101:29143:1103	hs_ref_GRCh38_p12_38	265674	72	72.00	97.22
K00271:265:HNN3CBBXX:2:1101:29914:1103	hs_ref_GRCh38_p12_83	27614790	43	43.00	97.67
K00271:265:HNN3CBBXX:2:1101:1915:1121	hs_ref_GRCh38_p12_46	22267674	34	34.00	100.00
K00271:265:HNN3CBBXX:2:1101:16001:1121	hs_ref_GRCh38_p12_253	127385	58	58.00	94.83
K00271:265:HNN3CBBXX:2:1101:7852:1138	hs_ref_GRCh38_p12_85	11905065	43	43.00	100.00
K00271:265:HNN3CBBXX:2:1101:7852:1138	hs_ref_GRCh38_p12_48	5722221	45	45.00	97.78
K00271:265:HNN3CBBXX:2:1101:7852:1138	hs_ref_GRCh38_p12_48	6354483	33	33.00	100.00
K00271:265:HNN3CBBXX:2:1101:10734:1138	hs_ref_GRCh38_p12_28	64031701	34	34.00	100.00
K00271:265:HNN3CBBXX:2:1101:20720:1138	hs_ref_GRCh38_p12_49	10766325	45	45.00	95.56
K00271:265:HNN3CBBXX:2:1101:27986:1138	hs_ref_GRCh38_p12_252	154140	40	40.00	97.50
K00271:265:HNN3CBBXX:2:1101:28047:1138	hs_ref_GRCh38_p12_253	127562	81	81.00	93.83
K00271:265:HNN3CBBXX:2:1101:28189:1138	hs_ref_GRCh38_p12_38	265674	72	72.00	94.44
K00271:265:HNN3CBBXX:2:1101:3559:1156	hs_ref_GRCh38_p12_79	31603840	71	68.00	94.37
K00271:265:HNN3CBBXX:2:1101:3559:1156	hs_ref_GRCh38_p12_79	31603840	70	67.00	94.29
K00271:265:HNN3CBBXX:2:1101:3559:1156	hs_ref_GRCh38_p12_79	31603840	70	67.00	94.29
K00271:265:HNN3CBBXX:2:1101:8856:1156	hs_ref_GRCh38_p12_26	105651730	49	49.00	100.00
K00271:265:HNN3CBBXX:2:1101:16305:1156	hs_ref_GRCh38_p12_68	27094719	54	54.00	96.30
K00271:265:HNN3CBBXX:2:1101:24058:1156	hs_ref_GRCh38_p12_86	31953142	77	79.00	89.87
K00271:265:HNN3CBBXX:2:1101:25804:1156	hs_ref_GRCh38_p12_49	10766326	35	35.00	97.14
K00271:265:HNN3CBBXX:2:1101:29762:1156	hs_ref_GRCh38_p12_139	18727175	32	32.00	100.00
K00271:265:HNN3CBBXX:2:1101:12824:1173	hs_ref_GRCh38_p12_253	133923	99	99.00	97.98
K00271:265:HNN3CBBXX:2:1101:13494:1173	hs_ref_GRCh38_p12_139	16307051	32	32.00	100.00
K00271:265:HNN3CBBXX:2:1101:19502:1173	hs_ref_GRCh38_p12_198	48043143	38	38.00	97.37
K00271:265:HNN3CBBXX:2:1101:9445:1191	hs_ref_GRCh38_p12_69	54807911	31	31.00	100.00
K00271:265:HNN3CBBXX:2:1101:9567:1191	hs_ref_GRCh38_p12_139	31125790	30	30.00	100.00
K00271:265:HNN3CBBXX:2:1101:11170:1191	hs_ref_GRCh38_p12_181	24262368	32	32.00	100.00
K00271:265:HNN3CBBXX:2:1101:11170:1191	hs_ref_GRCh38_p12_181	24262368	32	32.00	100.00
K00271:265:HNN3CBBXX:2:1101:11170:1191	hs_ref_GRCh38_p12_181	24262368	32	32.00	100.00
K00271:265:HNN3CBBXX:2:1101:11170:1191	hs_ref_GRCh38_p12_181	24262368	32	32.00	100.00
K00271:265:HNN3CBBXX:2:1101:11170:1191	hs_ref_GRCh38_p12_181	24262368	32	32.00	100.00
K00271:265:HNN3CBBXX:2:1101:11170:1191	hs_ref_GRCh38_p12_181	24262368	32	32.00	100.00
K00271:265:HNN3CBBXX:2:1101:11170:1191	hs_ref_GRCh38_p12_181	24262368	30	30.00	100.00
K00271:265:HNN3CBBXX:2:1101:11170:1191	hs_ref_GRCh38_p12_181	24262369	30	30.00	100.00
K00271:265:HNN3CBBXX:2:1101:13362:1191	hs_ref_GRCh38_p12_146	28677132	91	91.00	100.00
K00271:265:HNN3CBBXX:2:1101:16204:1191	hs_ref_GRCh38_p12_28	14170827	43	43.00	100.00
K00271:265:HNN3CBBXX:2:1101:16325:1191	hs_ref_GRCh38_p12_26	73653897	50	50.00	100.00
K00271:265:HNN3CBBXX:2:1101:21968:1191	hs_ref_GRCh38_p12_297	39646887	50	50.00	98.00
K00271:265:HNN3CBBXX:2:1101:21968:1191	hs_ref_GRCh38_p12_26	117591863	40	40.00	97.50
K00271:265:HNN3CBBXX:2:1101:21968:1191	hs_ref_GRCh38_p12_8	81412162	35	35.00	100.00
K00271:265:HNN3CBBXX:2:1101:21968:1191	hs_ref_GRCh38_p12_26	117591873	30	30.00	100.00
K00271:265:HNN3CBBXX:2:1101:25804:1191	hs_ref_GRCh38_p12_146	28677135	88	88.00	100.00
K00271:265:HNN3CBBXX:2:1101:3894:1209	hs_ref_GRCh38_p12_13	49902586	99	99.00	100.00
K00271:265:HNN3CBBXX:2:1101:4462:1209	hs_ref_GRCh38_p12_15	13339444	30	30.00	100.00
K00271:265:HNN3CBBXX:2:1101:5558:1209	hs_ref_GRCh38_p12_140	25119532	34	34.00	100.00
K00271:265:HNN3CBBXX:2:1101:6268:1209	hs_ref_GRCh38_p12_293	7350400	60	60.00	95.00
K00271:265:HNN3CBBXX:2:1101:6268:1209	hs_ref_GRCh38_p12_293	7350407	53	54.00	98.15
K00271:265:HNN3CBBXX:2:1101:6268:1209	hs_ref_GRCh38_p12_293	7350418	31	31.00	100.00
K00271:265:HNN3CBBXX:2:1101:18791:1209	hs_ref_GRCh38_p12_35	56458665	36	36.00	100.00
K00271:265:HNN3CBBXX:2:1101:18791:1209	hs_ref_GRCh38_p12_117	4299335	34	34.00	100.00
K00271:265:HNN3CBBXX:2:1101:20314:1209	hs_ref_GRCh38_p12_26	108581646	58	58.00	100.00
K00271:265:HNN3CBBXX:2:1101:20314:1209	hs_ref_GRCh38_p12_13	56748318	34	34.00	100.00
K00271:265:HNN3CBBXX:2:1101:2098:1226	hs_ref_GRCh38_p12_35	102830170	30	30.00	100.00
K00271:265:HNN3CBBXX:2:1101:3214:1226	hs_ref_GRCh38_p12_46	56013179	33	33.00	100.00
K00271:265:HNN3CBBXX:2:1101:7638:1226	hs_ref_GRCh38_p12_26	122166703	46	46.00	100.00
K00271:265:HNN3CBBXX:2:1101:11109:1226	hs_ref_GRCh38_p12_79	45263417	66	66.00	100.00
K00271:265:HNN3CBBXX:2:1101:11353:1226	hs_ref_GRCh38_p12_7	9546295	43	43.00	100.00
K00271:265:HNN3CBBXX:2:1101:12855:1226	hs_ref_GRCh38_p12_8	30972643	30	30.00	100.00
K00271:265:HNN3CBBXX:2:1101:16305:1226	hs_ref_GRCh38_p12_253	127562	81	81.00	93.83
K00271:265:HNN3CBBXX:2:1101:21054:1226	hs_ref_GRCh38_p12_26	103608475	40	40.00	97.50
K00271:265:HNN3CBBXX:2:1101:24627:1226	hs_ref_GRCh38_p12_252	111449	79	79.00	93.67
K00271:265:HNN3CBBXX:2:1101:4665:1244	hs_ref_GRCh38_p12_135	13805544	37	37.00	100.00
K00271:265:HNN3CBBXX:2:1101:8582:1244	hs_ref_GRCh38_p12_253	131485	35	35.00	100.00
K00271:265:HNN3CBBXX:2:1101:14265:1244	hs_ref_GRCh38_p12_146	27406485	41	41.00	97.56
K00271:265:HNN3CBBXX:2:1101:29366:1244	hs_ref_GRCh38_p12_85	37996120	45	45.00	95.56
K00271:265:HNN3CBBXX:2:1101:10135:1261	hs_ref_GRCh38_p12_253	132133	90	90.00	94.44
K00271:265:HNN3CBBXX:2:1101:15940:1261	hs_ref_GRCh38_p12_293	7350416	44	44.00	100.00
K00271:265:HNN3CBBXX:2:1101:15940:1261	hs_ref_GRCh38_p12_293	7350418	31	31.00	100.00
K00271:265:HNN3CBBXX:2:1101:5660:1279	hs_ref_GRCh38_p12_83	622827	57	59.00	94.92
K00271:265:HNN3CBBXX:2:1101:26930:1279	hs_ref_GRCh38_p12_72	4731258	30	30.00	100.00
K00271:265:HNN3CBBXX:2:1101:14275:1297	hs_ref_GRCh38_p12_252	155481	58	58.00	94.83
K00271:265:HNN3CBBXX:2:1101:5030:1314	hs_ref_GRCh38_p12_290	23076303	62	64.00	95.31
K00271:265:HNN3CBBXX:2:1101:5030:1314	hs_ref_GRCh38_p12_290	23076305	41	41.00	97.56
K00271:265:HNN3CBBXX:2:1101:5294:1314	hs_ref_GRCh38_p12_133	47628691	35	35.00	100.00
K00271:265:HNN3CBBXX:2:1101:10267:1314	hs_ref_GRCh38_p12_28	56948315	33	33.00	100.00
K00271:265:HNN3CBBXX:2:1101:20354:1314	hs_ref_GRCh38_p12_161	59750412	38	38.00	100.00
K00271:265:HNN3CBBXX:2:1101:4675:1332	hs_ref_GRCh38_p12_69	57183022	49	49.00	93.88
K00271:265:HNN3CBBXX:2:1101:4919:1332	hs_ref_GRCh38_p12_252	109792	64	65.00	98.46
K00271:265:HNN3CBBXX:2:1101:16041:1332	hs_ref_GRCh38_p12_306	5087060	46	46.00	97.83
K00271:265:HNN3CBBXX:2:1101:16366:1332	hs_ref_GRCh38_p12_146	80018152	93	93.00	100.00
K00271:265:HNN3CBBXX:2:1101:3244:1349	hs_ref_GRCh38_p12_19	6671904	31	31.00	100.00
K00271:265:HNN3CBBXX:2:1101:8846:1349	hs_ref_GRCh38_p12_252	118401	64	64.00	96.88
K00271:265:HNN3CBBXX:2:1101:12560:1349	hs_ref_GRCh38_p12_181	24483648	59	59.00	100.00
K00271:265:HNN3CBBXX:2:1101:23784:1349	hs_ref_GRCh38_p12_26	34134759	54	54.00	100.00
K00271:265:HNN3CBBXX:2:1101:26768:1349	hs_ref_GRCh38_p12_85	37996128	39	39.00	97.44
K00271:265:HNN3CBBXX:2:1101:26768:1349	hs_ref_GRCh38_p12_79	38010512	30	30.00	100.00
K00271:265:HNN3CBBXX:2:1101:29102:1349	hs_ref_GRCh38_p12_48	5722221	45	45.00	100.00
K00271:265:HNN3CBBXX:2:1101:29102:1349	hs_ref_GRCh38_p12_48	5722221	45	45.00	97.78
K00271:265:HNN3CBBXX:2:1101:29102:1349	hs_ref_GRCh38_p12_48	5722221	45	45.00	97.78
K00271:265:HNN3CBBXX:2:1101:29102:1349	hs_ref_GRCh38_p12_48	5722221	36	36.00	100.00
K00271:265:HNN3CBBXX:2:1101:2869:1367	hs_ref_GRCh38_p12_133	28506488	41	41.00	100.00
K00271:265:HNN3CBBXX:2:1101:7253:1367	hs_ref_GRCh38_p12_38	265674	72	72.00	97.22
K00271:265:HNN3CBBXX:2:1101:10176:1367	hs_ref_GRCh38_p12_49	10766326	68	69.00	94.20
K00271:265:HNN3CBBXX:2:1101:10176:1367	hs_ref_GRCh38_p12_49	10766327	43	43.00	95.35
K00271:265:HNN3CBBXX:2:1101:11880:1367	hs_ref_GRCh38_p12_252	117857	95	95.00	95.79
K00271:265:HNN3CBBXX:2:1101:12225:1367	hs_ref_GRCh38_p12_290	24347708	30	30.00	100.00
K00271:265:HNN3CBBXX:2:1101:14783:1367	hs_ref_GRCh38_p12_26	122166705	44	44.00	100.00
K00271:265:HNN3CBBXX:2:1101:21745:1367	hs_ref_GRCh38_p12_292	17728383	32	32.00	100.00
K00271:265:HNN3CBBXX:2:1101:24282:1367	hs_ref_GRCh38_p12_46	6609617	42	42.00	100.00
K00271:265:HNN3CBBXX:2:1101:24282:1367	hs_ref_GRCh38_p12_133	15780565	38	38.00	100.00
K00271:265:HNN3CBBXX:2:1101:24282:1367	hs_ref_GRCh38_p12_133	15780565	38	38.00	100.00
K00271:265:HNN3CBBXX:2:1101:24282:1367	hs_ref_GRCh38_p12_133	15780565	38	38.00	100.00
K00271:265:HNN3CBBXX:2:1101:24282:1367	hs_ref_GRCh38_p12_133	15780565	38	38.00	100.00
K00271:265:HNN3CBBXX:2:1101:24282:1367	hs_ref_GRCh38_p12_133	15780565	37	37.00	100.00
K00271:265:HNN3CBBXX:2:1101:26920:1367	hs_ref_GRCh38_p12_168	31649156	52	52.00	96.15
K00271:265:HNN3CBBXX:2:1101:26920:1367	hs_ref_GRCh38_p12_168	31649166	42	42.00	92.86
K00271:265:HNN3CBBXX:2:1101:26920:1367	hs_ref_GRCh38_p12_46	69834253	32	32.00	100.00
K00271:265:HNN3CBBXX:2:1101:3183:1384	hs_ref_GRCh38_p12_48	17380360	44	44.00	100.00
K00271:265:HNN3CBBXX:2:1101:8156:1384	hs_ref_GRCh38_p12_184	1232317	72	76.00	90.79
K00271:265:HNN3CBBXX:2:1101:8156:1384	hs_ref_GRCh38_p12_161	22364635	41	41.00	100.00
K00271:265:HNN3CBBXX:2:1101:14103:1384	hs_ref_GRCh38_p12_79	2527588	37	37.00	100.00
K00271:265:HNN3CBBXX:2:1101:14103:1384	hs_ref_GRCh38_p12_26	37105464	31	31.00	100.00
K00271:265:HNN3CBBXX:2:1101:15727:1384	hs_ref_GRCh38_p12_79	42935369	45	45.00	95.56
K00271:265:HNN3CBBXX:2:1101:16924:1384	hs_ref_GRCh38_p12_38	5640915	48	46.00	95.83
K00271:265:HNN3CBBXX:2:1101:16924:1384	hs_ref_GRCh38_p12_213	25047954	34	34.00	97.06
K00271:265:HNN3CBBXX:2:1101:19766:1384	hs_ref_GRCh38_p12_28	32111576	70	73.00	93.15
K00271:265:HNN3CBBXX:2:1101:3457:1402	hs_ref_GRCh38_p12_119	2019106	32	32.00	100.00
K00271:265:HNN3CBBXX:2:1101:5893:1402	hs_ref_GRCh38_p12_169	12525694	30	30.00	100.00
K00271:265:HNN3CBBXX:2:1101:8552:1402	hs_ref_GRCh38_p12_173	718532	59	59.00	88.14
K00271:265:HNN3CBBXX:2:1101:12165:1402	hs_ref_GRCh38_p12_146	28677131	72	72.00	100.00
K00271:265:HNN3CBBXX:2:1101:12814:1402	hs_ref_GRCh38_p12_35	60645743	35	35.00	100.00
K00271:265:HNN3CBBXX:2:1101:12814:1402	hs_ref_GRCh38_p12_72	28153829	44	44.00	93.18
K00271:265:HNN3CBBXX:2:1101:17848:1402	hs_ref_GRCh38_p12_292	21748955	37	37.00	100.00
K00271:265:HNN3CBBXX:2:1101:20750:1402	hs_ref_GRCh38_p12_35	87500037	45	45.00	100.00
K00271:265:HNN3CBBXX:2:1101:23957:1402	hs_ref_GRCh38_p12_15	8973721	30	30.00	100.00
K00271:265:HNN3CBBXX:2:1101:26189:1402	hs_ref_GRCh38_p12_213	15692389	31	31.00	100.00
K00271:265:HNN3CBBXX:2:1101:27428:1402	hs_ref_GRCh38_p12_72	31615446	79	79.00	92.50
K00271:265:HNN3CBBXX:2:1101:6776:1420	hs_ref_GRCh38_p12_253	127562	81	81.00	93.83
K00271:265:HNN3CBBXX:2:1101:6959:1420	hs_ref_GRCh38_p12_79	56196983	60	60.00	98.33
K00271:265:HNN3CBBXX:2:1101:6959:1420	hs_ref_GRCh38_p12_151	7707820	32	32.00	100.00
K00271:265:HNN3CBBXX:2:1101:8237:1420	hs_ref_GRCh38_p12_161	59437310	74	74.00	100.00
K00271:265:HNN3CBBXX:2:1101:11028:1437	hs_ref_GRCh38_p12_252	117743	100	100.00	98.00
K00271:265:HNN3CBBXX:2:1101:16467:1437	hs_ref_GRCh38_p12_26	136860756	30	30.00	100.00
K00271:265:HNN3CBBXX:2:1101:16630:1437	hs_ref_GRCh38_p12_290	24790738	33	33.00	100.00
K00271:265:HNN3CBBXX:2:1101:18781:1437	hs_ref_GRCh38_p12_135	38246025	30	30.00	100.00
K00271:265:HNN3CBBXX:2:1101:18781:1437	hs_ref_GRCh38_p12_292	22483237	30	30.00	100.00
K00271:265:HNN3CBBXX:2:1101:10510:1455	hs_ref_GRCh38_p12_213	20344804	33	33.00	100.00
K00271:265:HNN3CBBXX:2:1101:16802:1455	hs_ref_GRCh38_p12_146	28677151	77	77.00	98.70
K00271:265:HNN3CBBXX:2:1101:21694:1455	hs_ref_GRCh38_p12_146	28677132	81	81.00	100.00
K00271:265:HNN3CBBXX:2:1101:22932:1455	hs_ref_GRCh38_p12_85	29694030	37	37.00	97.30
K00271:265:HNN3CBBXX:2:1101:28534:1455	hs_ref_GRCh38_p12_252	110400	73	73.00	94.52
K00271:265:HNN3CBBXX:2:1101:8389:1472	hs_ref_GRCh38_p12_253	127097	100	100.00	91.00
K00271:265:HNN3CBBXX:2:1101:13443:1472	hs_ref_GRCh38_p12_64	363062	35	35.00	100.00
K00271:265:HNN3CBBXX:2:1101:18984:1472	hs_ref_GRCh38_p12_68	26208339	35	35.00	100.00
K00271:265:HNN3CBBXX:2:1101:21846:1472	hs_ref_GRCh38_p12_46	69002158	40	40.00	100.00
K00271:265:HNN3CBBXX:2:1101:22252:1472	hs_ref_GRCh38_p12_140	4836758	30	30.00	100.00
K00271:265:HNN3CBBXX:2:1101:7040:1490	hs_ref_GRCh38_p12_79	56196997	43	43.00	100.00
K00271:265:HNN3CBBXX:2:1101:7040:1490	hs_ref_GRCh38_p12_161	28581391	30	30.00	100.00
K00271:265:HNN3CBBXX:2:1101:9029:1490	hs_ref_GRCh38_p12_61	40147840	35	35.00	100.00
K00271:265:HNN3CBBXX:2:1101:11403:1490	hs_ref_GRCh38_p12_210	10660188	40	40.00	97.50
K00271:265:HNN3CBBXX:2:1101:21633:1490	hs_ref_GRCh38_p12_35	82361457	87	87.00	96.55
K00271:265:HNN3CBBXX:2:1101:22282:1490	hs_ref_GRCh38_p12_161	14916695	31	31.00	100.00
K00271:265:HNN3CBBXX:2:1101:14296:1508	hs_ref_GRCh38_p12_135	13399039	36	36.00	100.00
K00271:265:HNN3CBBXX:2:1101:15960:1508	hs_ref_GRCh38_p12_79	55665085	47	47.00	100.00
K00271:265:HNN3CBBXX:2:1101:27245:1508	hs_ref_GRCh38_p12_64	19710908	53	53.00	92.45
K00271:265:HNN3CBBXX:2:1101:7222:1525	hs_ref_GRCh38_p12_181	10856994	53	53.00	98.11
K00271:265:HNN3CBBXX:2:1101:7222:1525	hs_ref_GRCh38_p12_48	5722222	41	41.00	100.00
K00271:265:HNN3CBBXX:2:1101:7222:1525	hs_ref_GRCh38_p12_79	5333913	36	36.00	100.00
K00271:265:HNN3CBBXX:2:1101:14387:1525	hs_ref_GRCh38_p12_8	22542845	39	39.00	100.00
K00271:265:HNN3CBBXX:2:1101:23480:1525	hs_ref_GRCh38_p12_252	111081	100	100.00	94.00
K00271:265:HNN3CBBXX:2:1101:28493:1525	hs_ref_GRCh38_p12_133	5479961	43	43.00	100.00
K00271:265:HNN3CBBXX:2:1101:28493:1525	hs_ref_GRCh38_p12_133	5479961	36	36.00	100.00
K00271:265:HNN3CBBXX:2:1101:28493:1525	hs_ref_GRCh38_p12_139	4256647	38	38.00	97.37
K00271:265:HNN3CBBXX:2:1101:2158:1543	hs_ref_GRCh38_p12_13	38076545	84	85.00	91.95
K00271:265:HNN3CBBXX:2:1101:2158:1543	hs_ref_GRCh38_p12_13	38076550	79	85.00	91.76
K00271:265:HNN3CBBXX:2:1101:2767:1543	hs_ref_GRCh38_p12_46	1322457	53	53.00	92.45
K00271:265:HNN3CBBXX:2:1101:3336:1543	hs_ref_GRCh38_p12_46	44448850	52	52.00	100.00
K00271:265:HNN3CBBXX:2:1101:7679:1543	hs_ref_GRCh38_p12_72	56429901	45	45.00	95.56
K00271:265:HNN3CBBXX:2:1101:7679:1543	hs_ref_GRCh38_p12_133	61597865	34	34.00	100.00
K00271:265:HNN3CBBXX:2:1101:13179:1543	hs_ref_GRCh38_p12_46	92263652	35	35.00	100.00
K00271:265:HNN3CBBXX:2:1101:14580:1543	hs_ref_GRCh38_p12_161	82451386	34	34.00	100.00
K00271:265:HNN3CBBXX:2:1101:14580:1543	hs_ref_GRCh38_p12_161	31913538	30	30.00	100.00
K00271:265:HNN3CBBXX:2:1101:14763:1543	hs_ref_GRCh38_p12_231	30520	43	43.00	100.00
K00271:265:HNN3CBBXX:2:1101:19999:1543	hs_ref_GRCh38_p12_79	22802714	38	38.00	100.00
K00271:265:HNN3CBBXX:2:1101:20872:1543	hs_ref_GRCh38_p12_253	89684	100	100.00	99.00
K00271:265:HNN3CBBXX:2:1101:21663:1543	hs_ref_GRCh38_p12_28	90159527	51	51.00	94.12
K00271:265:HNN3CBBXX:2:1101:21663:1543	hs_ref_GRCh38_p12_28	90159527	36	36.00	100.00
K00271:265:HNN3CBBXX:2:1101:21663:1543	hs_ref_GRCh38_p12_292	7256183	30	30.00	100.00
K00271:265:HNN3CBBXX:2:1101:23003:1543	hs_ref_GRCh38_p12_26	34765896	57	57.00	94.74
K00271:265:HNN3CBBXX:2:1101:3244:1560	hs_ref_GRCh38_p12_72	2127573	43	43.00	100.00
K00271:265:HNN3CBBXX:2:1101:3244:1560	hs_ref_GRCh38_p12_198	1898843	43	43.00	95.35
K00271:265:HNN3CBBXX:2:1101:9333:1560	hs_ref_GRCh38_p12_28	14170824	46	46.00	100.00
K00271:265:HNN3CBBXX:2:1101:21227:1560	hs_ref_GRCh38_p12_138	6830763	47	47.00	100.00
K00271:265:HNN3CBBXX:2:1101:1347:1578	hs_ref_GRCh38_p12_79	45263415	58	58.00	100.00
K00271:265:HNN3CBBXX:2:1101:10419:1578	hs_ref_GRCh38_p12_117	2469993	32	32.00	100.00
K00271:265:HNN3CBBXX:2:1101:10419:1578	hs_ref_GRCh38_p12_13	35509456	48	48.00	91.67
K00271:265:HNN3CBBXX:2:1101:12185:1578	hs_ref_GRCh38_p12_253	132010	64	64.00	92.19
K00271:265:HNN3CBBXX:2:1101:16264:1578	hs_ref_GRCh38_p12_253	132106	96	96.00	90.62
K00271:265:HNN3CBBXX:2:1101:5538:1595	hs_ref_GRCh38_p12_253	134682	60	60.00	100.00
K00271:265:HNN3CBBXX:2:1101:6268:1595	hs_ref_GRCh38_p12_13	38076550	76	76.00	92.41
K00271:265:HNN3CBBXX:2:1101:6268:1595	hs_ref_GRCh38_p12_13	38076550	76	76.00	92.41
K00271:265:HNN3CBBXX:2:1101:6268:1595	hs_ref_GRCh38_p12_13	38076552	74	74.00	92.21
K00271:265:HNN3CBBXX:2:1101:9496:1595	hs_ref_GRCh38_p12_38	265676	70	70.00	98.57
K00271:265:HNN3CBBXX:2:1101:15321:1595	hs_ref_GRCh38_p12_150	67543891	56	56.00	100.00
K00271:265:HNN3CBBXX:2:1101:18243:1595	hs_ref_GRCh38_p12_297	38253403	30	30.00	100.00
K00271:265:HNN3CBBXX:2:1101:23196:1595	hs_ref_GRCh38_p12_38	265674	72	75.00	90.67
K00271:265:HNN3CBBXX:2:1101:25022:1595	hs_ref_GRCh38_p12_85	11905065	36	36.00	100.00
K00271:265:HNN3CBBXX:2:1101:2564:1613	hs_ref_GRCh38_p12_207	3844950	37	37.00	100.00
K00271:265:HNN3CBBXX:2:1101:4026:1613	hs_ref_GRCh38_p12_86	43590506	45	45.00	97.78
K00271:265:HNN3CBBXX:2:1101:4026:1613	hs_ref_GRCh38_p12_8	16586997	40	40.00	100.00
K00271:265:HNN3CBBXX:2:1101:4026:1613	hs_ref_GRCh38_p12_8	16586997	40	40.00	100.00
K00271:265:HNN3CBBXX:2:1101:4026:1613	hs_ref_GRCh38_p12_8	16587006	31	31.00	100.00
K00271:265:HNN3CBBXX:2:1101:4026:1613	hs_ref_GRCh38_p12_86	43590507	34	34.00	100.00
K00271:265:HNN3CBBXX:2:1101:5852:1613	hs_ref_GRCh38_p12_68	31775867	30	30.00	100.00
K00271:265:HNN3CBBXX:2:1101:9283:1613	hs_ref_GRCh38_p12_252	117729	100	100.00	98.00
K00271:265:HNN3CBBXX:2:1101:25763:1613	hs_ref_GRCh38_p12_146	80018141	100	100.00	100.00
K00271:265:HNN3CBBXX:2:1101:7364:1631	hs_ref_GRCh38_p12_68	6315019	30	30.00	100.00
K00271:265:HNN3CBBXX:2:1101:8359:1631	hs_ref_GRCh38_p12_146	28677133	90	90.00	100.00
K00271:265:HNN3CBBXX:2:1101:12337:1631	hs_ref_GRCh38_p12_342	4208852	57	57.00	96.49
K00271:265:HNN3CBBXX:2:1101:14935:1631	hs_ref_GRCh38_p12_38	5640915	48	46.00	95.83
K00271:265:HNN3CBBXX:2:1101:14935:1631	hs_ref_GRCh38_p12_213	25047954	34	34.00	97.06
K00271:265:HNN3CBBXX:2:1101:23845:1631	hs_ref_GRCh38_p12_290	26508760	33	33.00	100.00
K00271:265:HNN3CBBXX:2:1101:30421:1631	hs_ref_GRCh38_p12_135	7585031	35	35.00	100.00
K00271:265:HNN3CBBXX:2:1101:8897:1648	hs_ref_GRCh38_p12_146	61109283	51	50.00	98.04
K00271:265:HNN3CBBXX:2:1101:8897:1648	hs_ref_GRCh38_p12_133	30092944	37	37.00	100.00
K00271:265:HNN3CBBXX:2:1101:11941:1648	hs_ref_GRCh38_p12_16	6641598	30	30.00	100.00
K00271:265:HNN3CBBXX:2:1101:12550:1648	hs_ref_GRCh38_p12_117	33804309	30	30.00	100.00
K00271:265:HNN3CBBXX:2:1101:16833:1648	hs_ref_GRCh38_p12_35	8453619	49	49.00	100.00
K00271:265:HNN3CBBXX:2:1101:16833:1648	hs_ref_GRCh38_p12_35	8453619	44	44.00	95.45
K00271:265:HNN3CBBXX:2:1101:23794:1648	hs_ref_GRCh38_p12_253	131485	35	35.00	100.00
K00271:265:HNN3CBBXX:2:1101:6471:1666	hs_ref_GRCh38_p12_80	2215838	31	31.00	100.00
K00271:265:HNN3CBBXX:2:1101:6471:1666	hs_ref_GRCh38_p12_80	2215838	31	31.00	100.00
K00271:265:HNN3CBBXX:2:1101:6471:1666	hs_ref_GRCh38_p12_80	2215838	30	30.00	100.00
K00271:265:HNN3CBBXX:2:1101:8156:1666	hs_ref_GRCh38_p12_68	12184174	65	65.00	96.92
K00271:265:HNN3CBBXX:2:1101:15118:1666	hs_ref_GRCh38_p12_146	28677131	63	63.00	100.00
K00271:265:HNN3CBBXX:2:1101:15767:1666	hs_ref_GRCh38_p12_28	32111552	74	76.00	90.79
K00271:265:HNN3CBBXX:2:1101:27925:1666	hs_ref_GRCh38_p12_28	75124646	45	45.00	100.00
K00271:265:HNN3CBBXX:2:1101:5649:1683	hs_ref_GRCh38_p12_85	36730899	52	52.00	100.00
K00271:265:HNN3CBBXX:2:1101:7354:1683	hs_ref_GRCh38_p12_86	51311564	33	33.00	100.00
K00271:265:HNN3CBBXX:2:1101:7354:1683	hs_ref_GRCh38_p12_213	26412756	31	31.00	100.00
K00271:265:HNN3CBBXX:2:1101:7354:1683	hs_ref_GRCh38_p12_86	51311563	31	31.00	100.00
K00271:265:HNN3CBBXX:2:1101:7354:1683	hs_ref_GRCh38_p12_213	26412756	31	31.00	100.00
K00271:265:HNN3CBBXX:2:1101:14052:1683	hs_ref_GRCh38_p12_119	8379004	33	33.00	100.00
K00271:265:HNN3CBBXX:2:1101:14052:1683	hs_ref_GRCh38_p12_28	53181413	30	30.00	100.00
K00271:265:HNN3CBBXX:2:1101:18091:1683	hs_ref_GRCh38_p12_8	37441605	48	48.00	100.00
K00271:265:HNN3CBBXX:2:1101:19410:1683	hs_ref_GRCh38_p12_253	134672	70	70.00	100.00
K00271:265:HNN3CBBXX:2:1101:27265:1683	hs_ref_GRCh38_p12_16	9806489	34	34.00	100.00
K00271:265:HNN3CBBXX:2:1101:6593:1701	hs_ref_GRCh38_p12_117	61893482	30	30.00	100.00
K00271:265:HNN3CBBXX:2:1101:11403:1701	hs_ref_GRCh38_p12_8	91570859	56	56.00	100.00
K00271:265:HNN3CBBXX:2:1101:18101:1701	hs_ref_GRCh38_p12_171	11691771	32	32.00	100.00
K00271:265:HNN3CBBXX:2:1101:18101:1701	hs_ref_GRCh38_p12_19	18430636	38	38.00	94.74
K00271:265:HNN3CBBXX:2:1101:18304:1701	hs_ref_GRCh38_p12_64	20510077	32	32.00	100.00
K00271:265:HNN3CBBXX:2:1101:18304:1701	hs_ref_GRCh38_p12_150	12041483	30	30.00	100.00
K00271:265:HNN3CBBXX:2:1101:25956:1701	hs_ref_GRCh38_p12_146	28677133	90	90.00	100.00
K00271:265:HNN3CBBXX:2:1101:25956:1701	hs_ref_GRCh38_p12_146	28677133	88	88.00	100.00
K00271:265:HNN3CBBXX:2:1101:27580:1701	hs_ref_GRCh38_p12_26	108499204	66	70.00	92.86
K00271:265:HNN3CBBXX:2:1101:14803:1719	hs_ref_GRCh38_p12_28	39321802	38	38.00	100.00
K00271:265:HNN3CBBXX:2:1101:23186:1719	hs_ref_GRCh38_p12_61	49409438	45	45.00	100.00
K00271:265:HNN3CBBXX:2:1101:23186:1719	hs_ref_GRCh38_p12_61	49409441	40	40.00	100.00
K00271:265:HNN3CBBXX:2:1101:23186:1719	hs_ref_GRCh38_p12_61	49409438	39	39.00	100.00
K00271:265:HNN3CBBXX:2:1101:23186:1719	hs_ref_GRCh38_p12_61	49409442	39	39.00	94.87
K00271:265:HNN3CBBXX:2:1101:25033:1719	hs_ref_GRCh38_p12_38	265673	68	68.00	97.06
K00271:265:HNN3CBBXX:2:1101:25053:1719	hs_ref_GRCh38_p12_119	11607983	50	50.00	100.00
K00271:265:HNN3CBBXX:2:1101:29579:1719	hs_ref_GRCh38_p12_209	8526153	68	68.00	97.06
K00271:265:HNN3CBBXX:2:1101:12560:1736	hs_ref_GRCh38_p12_161	81426906	40	40.00	97.50
K00271:265:HNN3CBBXX:2:1101:12560:1736	hs_ref_GRCh38_p12_28	4525426	33	33.00	100.00
K00271:265:HNN3CBBXX:2:1101:13250:1736	hs_ref_GRCh38_p12_253	132169	60	60.00	95.00
K00271:265:HNN3CBBXX:2:1101:14468:1736	hs_ref_GRCh38_p12_79	13799031	33	33.00	100.00
K00271:265:HNN3CBBXX:2:1101:14793:1736	hs_ref_GRCh38_p12_146	34697631	32	32.00	100.00
K00271:265:HNN3CBBXX:2:1101:21491:1736	hs_ref_GRCh38_p12_253	82248	91	91.00	94.51
K00271:265:HNN3CBBXX:2:1101:13281:1754	hs_ref_GRCh38_p12_46	111935198	30	30.00	100.00
K00271:265:HNN3CBBXX:2:1101:13646:1754	hs_ref_GRCh38_p12_139	22362161	31	31.00	100.00
K00271:265:HNN3CBBXX:2:1101:19329:1754	hs_ref_GRCh38_p12_72	51095316	30	30.00	100.00
K00271:265:HNN3CBBXX:2:1101:22495:1754	hs_ref_GRCh38_p12_19	38163395	99	100.00	96.00
K00271:265:HNN3CBBXX:2:1101:23043:1754	hs_ref_GRCh38_p12_161	7632507	34	34.00	97.06
K00271:265:HNN3CBBXX:2:1101:26677:1754	hs_ref_GRCh38_p12_150	10148516	49	49.00	95.92
K00271:265:HNN3CBBXX:2:1101:30756:1754	hs_ref_GRCh38_p12_146	28677131	62	62.00	100.00
K00271:265:HNN3CBBXX:2:1101:3082:1771	hs_ref_GRCh38_p12_7	3761118	39	39.00	97.44
K00271:265:HNN3CBBXX:2:1101:27539:1771	hs_ref_GRCh38_p12_79	38859690	49	49.00	97.96
K00271:265:HNN3CBBXX:2:1101:27539:1771	hs_ref_GRCh38_p12_138	2013127	32	32.00	100.00
K00271:265:HNN3CBBXX:2:1101:29853:1771	hs_ref_GRCh38_p12_305	719008	32	32.00	100.00
K00271:265:HNN3CBBXX:2:1101:3254:1789	hs_ref_GRCh38_p12_19	12269503	34	34.00	100.00
K00271:265:HNN3CBBXX:2:1101:3254:1789	hs_ref_GRCh38_p12_19	45236094	35	35.00	97.14
K00271:265:HNN3CBBXX:2:1101:7395:1789	hs_ref_GRCh38_p12_253	132115	98	98.00	91.84
K00271:265:HNN3CBBXX:2:1101:8795:1789	hs_ref_GRCh38_p12_146	47509035	43	43.00	100.00
K00271:265:HNN3CBBXX:2:1101:11738:1789	hs_ref_GRCh38_p12_133	31244099	75	75.00	93.33
K00271:265:HNN3CBBXX:2:1101:11738:1789	hs_ref_GRCh38_p12_133	31244089	72	74.00	93.24
K00271:265:HNN3CBBXX:2:1101:16183:1789	hs_ref_GRCh38_p12_297	8519638	30	30.00	100.00
K00271:265:HNN3CBBXX:2:1101:19958:1789	hs_ref_GRCh38_p12_161	57979002	34	34.00	100.00
K00271:265:HNN3CBBXX:2:1101:20608:1789	hs_ref_GRCh38_p12_290	10600688	34	34.00	100.00
K00271:265:HNN3CBBXX:2:1101:4746:1806	hs_ref_GRCh38_p12_35	8453621	47	47.00	100.00
K00271:265:HNN3CBBXX:2:1101:4746:1806	hs_ref_GRCh38_p12_35	8453621	47	47.00	100.00
K00271:265:HNN3CBBXX:2:1101:4746:1806	hs_ref_GRCh38_p12_35	8453621	47	47.00	100.00
K00271:265:HNN3CBBXX:2:1101:4746:1806	hs_ref_GRCh38_p12_35	8453621	47	47.00	100.00
K00271:265:HNN3CBBXX:2:1101:4746:1806	hs_ref_GRCh38_p12_35	8453621	47	47.00	100.00
K00271:265:HNN3CBBXX:2:1101:4746:1806	hs_ref_GRCh38_p12_35	8453621	47	47.00	100.00
K00271:265:HNN3CBBXX:2:1101:4746:1806	hs_ref_GRCh38_p12_35	8453621	47	47.00	100.00
K00271:265:HNN3CBBXX:2:1101:4746:1806	hs_ref_GRCh38_p12_35	8453621	47	47.00	100.00
K00271:265:HNN3CBBXX:2:1101:12682:1806	hs_ref_GRCh38_p12_63	9785865	56	56.00	100.00
K00271:265:HNN3CBBXX:2:1101:15219:1806	hs_ref_GRCh38_p12_138	9770010	32	32.00	100.00
K00271:265:HNN3CBBXX:2:1101:3823:1824	hs_ref_GRCh38_p12_64	56833575	46	46.00	97.83
K00271:265:HNN3CBBXX:2:1101:3823:1824	hs_ref_GRCh38_p12_209	11415455	34	34.00	100.00
K00271:265:HNN3CBBXX:2:1101:3823:1824	hs_ref_GRCh38_p12_80	2215838	30	30.00	100.00
K00271:265:HNN3CBBXX:2:1101:14560:1824	hs_ref_GRCh38_p12_13	13642660	32	32.00	100.00
K00271:265:HNN3CBBXX:2:1101:15270:1824	hs_ref_GRCh38_p12_156	904	35	35.00	100.00
K00271:265:HNN3CBBXX:2:1101:17746:1824	hs_ref_GRCh38_p12_253	134643	99	99.00	96.97
K00271:265:HNN3CBBXX:2:1101:20040:1824	hs_ref_GRCh38_p12_18	48298	41	41.00	97.56
K00271:265:HNN3CBBXX:2:1101:20040:1824	hs_ref_GRCh38_p12_300	3330364	35	35.00	100.00
K00271:265:HNN3CBBXX:2:1101:21623:1824	hs_ref_GRCh38_p12_253	134539	41	41.00	97.56
K00271:265:HNN3CBBXX:2:1101:22922:1824	hs_ref_GRCh38_p12_231	30520	38	38.00	100.00
K00271:265:HNN3CBBXX:2:1101:24667:1824	hs_ref_GRCh38_p12_169	1079437	35	35.00	100.00
K00271:265:HNN3CBBXX:2:1101:24667:1824	hs_ref_GRCh38_p12_161	10690458	31	31.00	100.00
K00271:265:HNN3CBBXX:2:1101:26697:1824	hs_ref_GRCh38_p12_150	50227696	31	31.00	100.00
K00271:265:HNN3CBBXX:2:1101:30776:1824	hs_ref_GRCh38_p12_61	45382830	48	48.00	95.83
K00271:265:HNN3CBBXX:2:1101:3650:1842	hs_ref_GRCh38_p12_48	3492205	35	35.00	100.00
K00271:265:HNN3CBBXX:2:1101:9333:1842	hs_ref_GRCh38_p12_151	16795415	35	35.00	97.14
K00271:265:HNN3CBBXX:2:1101:12033:1842	hs_ref_GRCh38_p12_181	41131492	37	37.00	100.00
K00271:265:HNN3CBBXX:2:1101:12033:1842	hs_ref_GRCh38_p12_7	9546295	36	36.00	100.00
K00271:265:HNN3CBBXX:2:1101:18264:1842	hs_ref_GRCh38_p12_198	16697488	44	44.00	100.00
K00271:265:HNN3CBBXX:2:1101:19542:1842	hs_ref_GRCh38_p12_48	17380567	45	46.00	97.83
K00271:265:HNN3CBBXX:2:1101:19542:1842	hs_ref_GRCh38_p12_26	68860361	36	36.00	100.00
K00271:265:HNN3CBBXX:2:1101:24779:1842	hs_ref_GRCh38_p12_79	47633383	33	33.00	100.00
K00271:265:HNN3CBBXX:2:1101:25692:1842	hs_ref_GRCh38_p12_292	7731832	36	36.00	100.00
K00271:265:HNN3CBBXX:2:1101:27519:1842	hs_ref_GRCh38_p12_293	7350419	41	41.00	100.00
K00271:265:HNN3CBBXX:2:1101:4797:1859	hs_ref_GRCh38_p12_150	4172700	38	38.00	97.37
K00271:265:HNN3CBBXX:2:1101:4797:1859	hs_ref_GRCh38_p12_150	4172707	33	33.00	100.00
K00271:265:HNN3CBBXX:2:1101:4797:1859	hs_ref_GRCh38_p12_150	4172707	33	33.00	100.00
K00271:265:HNN3CBBXX:2:1101:4797:1859	hs_ref_GRCh38_p12_150	4172707	33	33.00	100.00
K00271:265:HNN3CBBXX:2:1101:4797:1859	hs_ref_GRCh38_p12_150	4172707	33	33.00	100.00
K00271:265:HNN3CBBXX:2:1101:4797:1859	hs_ref_GRCh38_p12_150	4172707	33	33.00	100.00
K00271:265:HNN3CBBXX:2:1101:8329:1859	hs_ref_GRCh38_p12_49	15241957	41	41.00	95.12
K00271:265:HNN3CBBXX:2:1101:9161:1859	hs_ref_GRCh38_p12_69	60130125	33	33.00	100.00
K00271:265:HNN3CBBXX:2:1101:14966:1859	hs_ref_GRCh38_p12_253	125980	103	98.00	85.44
K00271:265:HNN3CBBXX:2:1101:18010:1859	hs_ref_GRCh38_p12_28	71768197	40	40.00	100.00
K00271:265:HNN3CBBXX:2:1101:3062:1877	hs_ref_GRCh38_p12_133	18239991	30	30.00	100.00
K00271:265:HNN3CBBXX:2:1101:10551:1877	hs_ref_GRCh38_p12_184	13126246	32	32.00	100.00
K00271:265:HNN3CBBXX:2:1101:10551:1877	hs_ref_GRCh38_p12_8	37441623	31	31.00	100.00
K00271:265:HNN3CBBXX:2:1101:13291:1877	hs_ref_GRCh38_p12_170	5559441	40	40.00	97.50
K00271:265:HNN3CBBXX:2:1101:18182:1877	hs_ref_GRCh38_p12_13	23623139	32	32.00	100.00
K00271:265:HNN3CBBXX:2:1101:22668:1877	hs_ref_GRCh38_p12_61	49409438	45	45.00	100.00
K00271:265:HNN3CBBXX:2:1101:22668:1877	hs_ref_GRCh38_p12_61	49409441	40	40.00	100.00
K00271:265:HNN3CBBXX:2:1101:22668:1877	hs_ref_GRCh38_p12_61	49409438	39	39.00	100.00
K00271:265:HNN3CBBXX:2:1101:22668:1877	hs_ref_GRCh38_p12_61	49409442	39	39.00	94.87
K00271:265:HNN3CBBXX:2:1101:26910:1877	hs_ref_GRCh38_p12_35	39202396	54	54.00	98.15
K00271:265:HNN3CBBXX:2:1101:6624:1894	hs_ref_GRCh38_p12_49	10766327	40	40.00	100.00
K00271:265:HNN3CBBXX:2:1101:9729:1894	hs_ref_GRCh38_p12_138	15114982	45	45.00	100.00
K00271:265:HNN3CBBXX:2:1101:16143:1894	hs_ref_GRCh38_p12_49	2974872	42	42.00	100.00
K00271:265:HNN3CBBXX:2:1101:16143:1894	hs_ref_GRCh38_p12_117	10796227	33	33.00	100.00
K00271:265:HNN3CBBXX:2:1101:28503:1894	hs_ref_GRCh38_p12_253	131685	91	91.00	90.11
K00271:265:HNN3CBBXX:2:1101:28929:1894	hs_ref_GRCh38_p12_252	110975	84	84.00	96.43
K00271:265:HNN3CBBXX:2:1101:30127:1894	hs_ref_GRCh38_p12_13	38076550	75	75.00	90.91
K00271:265:HNN3CBBXX:2:1101:30127:1894	hs_ref_GRCh38_p12_13	38076585	40	41.00	97.56
K00271:265:HNN3CBBXX:2:1101:10835:1912	hs_ref_GRCh38_p12_28	37520714	51	51.00	100.00
K00271:265:HNN3CBBXX:2:1101:11951:1912	hs_ref_GRCh38_p12_184	9320869	30	30.00	100.00
K00271:265:HNN3CBBXX:2:1101:11951:1912	hs_ref_GRCh38_p12_184	9320869	30	30.00	100.00
K00271:265:HNN3CBBXX:2:1101:11951:1912	hs_ref_GRCh38_p12_184	9320869	30	30.00	100.00
K00271:265:HNN3CBBXX:2:1101:11951:1912	hs_ref_GRCh38_p12_184	9320869	30	30.00	100.00
K00271:265:HNN3CBBXX:2:1101:11951:1912	hs_ref_GRCh38_p12_184	9320869	30	30.00	100.00
K00271:265:HNN3CBBXX:2:1101:11951:1912	hs_ref_GRCh38_p12_184	9320869	30	30.00	100.00
K00271:265:HNN3CBBXX:2:1101:11951:1912	hs_ref_GRCh38_p12_184	9320869	30	30.00	100.00
K00271:265:HNN3CBBXX:2:1101:11951:1912	hs_ref_GRCh38_p12_184	9320869	30	30.00	100.00
K00271:265:HNN3CBBXX:2:1101:11951:1912	hs_ref_GRCh38_p12_184	9320869	30	30.00	100.00
K00271:265:HNN3CBBXX:2:1101:11951:1912	hs_ref_GRCh38_p12_184	9320869	30	30.00	100.00
K00271:265:HNN3CBBXX:2:1101:11951:1912	hs_ref_GRCh38_p12_184	9320869	30	30.00	100.00
K00271:265:HNN3CBBXX:2:1101:14894:1912	hs_ref_GRCh38_p12_6	3460133	35	35.00	100.00
K00271:265:HNN3CBBXX:2:1101:23074:1912	hs_ref_GRCh38_p12_46	39888442	69	69.00	97.10
K00271:265:HNN3CBBXX:2:1101:23074:1912	hs_ref_GRCh38_p12_46	39888440	55	55.00	98.18
K00271:265:HNN3CBBXX:2:1101:24332:1912	hs_ref_GRCh38_p12_15	3612315	59	59.00	94.92
K00271:265:HNN3CBBXX:2:1101:24332:1912	hs_ref_GRCh38_p12_15	3612321	53	53.00	96.23
K00271:265:HNN3CBBXX:2:1101:5000:1930	hs_ref_GRCh38_p12_38	265674	68	68.00	95.59
K00271:265:HNN3CBBXX:2:1101:10094:1930	hs_ref_GRCh38_p12_253	131685	59	59.00	91.53
K00271:265:HNN3CBBXX:2:1101:17198:1930	hs_ref_GRCh38_p12_135	16505714	41	41.00	100.00
K00271:265:HNN3CBBXX:2:1101:19958:1930	hs_ref_GRCh38_p12_137	15736494	58	58.00	100.00
K00271:265:HNN3CBBXX:2:1101:28321:1930	hs_ref_GRCh38_p12_202	61558	35	35.00	100.00
K00271:265:HNN3CBBXX:2:1101:28564:1930	hs_ref_GRCh38_p12_28	75124639	53	54.00	98.15
K00271:265:HNN3CBBXX:2:1101:5112:1947	hs_ref_GRCh38_p12_146	28677132	72	72.00	98.61
K00271:265:HNN3CBBXX:2:1101:7019:1947	hs_ref_GRCh38_p12_184	15760949	31	31.00	100.00
K00271:265:HNN3CBBXX:2:1101:13555:1947	hs_ref_GRCh38_p12_146	28677132	90	90.00	100.00
K00271:265:HNN3CBBXX:2:1101:14732:1947	hs_ref_GRCh38_p12_150	45858942	37	37.00	97.30
K00271:265:HNN3CBBXX:2:1101:27458:1947	hs_ref_GRCh38_p12_252	110956	87	87.00	94.25
K00271:265:HNN3CBBXX:2:1101:31801:1947	hs_ref_GRCh38_p12_146	83172576	60	60.00	100.00
K00271:265:HNN3CBBXX:2:1101:8329:1965	hs_ref_GRCh38_p12_253	131819	42	42.00	95.24
K00271:265:HNN3CBBXX:2:1101:12652:1965	hs_ref_GRCh38_p12_135	47662010	56	56.00	91.07
K00271:265:HNN3CBBXX:2:1101:15635:1965	hs_ref_GRCh38_p12_83	16334927	49	49.00	95.92
K00271:265:HNN3CBBXX:2:1101:20080:1965	hs_ref_GRCh38_p12_8	37441602	54	54.00	96.30
K00271:265:HNN3CBBXX:2:1101:21197:1965	hs_ref_GRCh38_p12_79	36681011	34	34.00	100.00
K00271:265:HNN3CBBXX:2:1101:11464:1982	hs_ref_GRCh38_p12_292	21748955	38	38.00	100.00
K00271:265:HNN3CBBXX:2:1101:21044:1982	hs_ref_GRCh38_p12_85	23762805	94	94.00	91.58
K00271:265:HNN3CBBXX:2:1101:7395:2000	hs_ref_GRCh38_p12_181	27426933	37	37.00	100.00
K00271:265:HNN3CBBXX:2:1101:9384:2000	hs_ref_GRCh38_p12_146	28677133	92	92.00	100.00
K00271:265:HNN3CBBXX:2:1101:13017:2000	hs_ref_GRCh38_p12_139	45048164	33	33.00	100.00
K00271:265:HNN3CBBXX:2:1101:15392:2000	hs_ref_GRCh38_p12_26	92980102	37	37.00	100.00
K00271:265:HNN3CBBXX:2:1101:22678:2000	hs_ref_GRCh38_p12_35	71776363	30	30.00	100.00
K00271:265:HNN3CBBXX:2:1101:4219:2017	hs_ref_GRCh38_p12_256	1568	62	63.00	98.41
K00271:265:HNN3CBBXX:2:1101:5375:2017	hs_ref_GRCh38_p12_253	127104	100	100.00	91.00
K00271:265:HNN3CBBXX:2:1101:6208:2017	hs_ref_GRCh38_p12_161	8185913	30	30.00	100.00
K00271:265:HNN3CBBXX:2:1101:8603:2017	hs_ref_GRCh38_p12_146	28677131	76	76.00	100.00
K00271:265:HNN3CBBXX:2:1101:13474:2017	hs_ref_GRCh38_p12_19	17181195	43	43.00	97.67
K00271:265:HNN3CBBXX:2:1101:18406:2017	hs_ref_GRCh38_p12_7	145051	36	36.00	100.00
K00271:265:HNN3CBBXX:2:1101:22161:2017	hs_ref_GRCh38_p12_117	21935071	35	35.00	100.00
K00271:265:HNN3CBBXX:2:1101:22952:2017	hs_ref_GRCh38_p12_253	131685	92	92.00	90.22
K00271:265:HNN3CBBXX:2:1101:24109:2017	hs_ref_GRCh38_p12_198	45941821	33	33.00	100.00
K00271:265:HNN3CBBXX:2:1101:24353:2017	hs_ref_GRCh38_p12_38	265674	72	72.00	97.22
K00271:265:HNN3CBBXX:2:1101:27052:2017	hs_ref_GRCh38_p12_42	12838973	30	30.00	100.00
K00271:265:HNN3CBBXX:2:1101:27986:2017	hs_ref_GRCh38_p12_170	15249899	33	33.00	100.00
K00271:265:HNN3CBBXX:2:1101:29406:2017	hs_ref_GRCh38_p12_68	6315019	30	30.00	100.00
K00271:265:HNN3CBBXX:2:1101:2463:2035	hs_ref_GRCh38_p12_83	617894	39	39.00	100.00
K00271:265:HNN3CBBXX:2:1101:4959:2035	hs_ref_GRCh38_p12_79	35641726	35	35.00	100.00
K00271:265:HNN3CBBXX:2:1101:6157:2035	hs_ref_GRCh38_p12_26	78917610	32	32.00	100.00
K00271:265:HNN3CBBXX:2:1101:21440:2035	hs_ref_GRCh38_p12_146	47173479	72	72.00	97.22
K00271:265:HNN3CBBXX:2:1101:21440:2035	hs_ref_GRCh38_p12_46	28064647	53	53.00	90.57
K00271:265:HNN3CBBXX:2:1101:21785:2035	hs_ref_GRCh38_p12_139	43844827	30	30.00	100.00
K00271:265:HNN3CBBXX:2:1101:9577:2053	hs_ref_GRCh38_p12_146	28677133	74	74.00	100.00
K00271:265:HNN3CBBXX:2:1101:25367:2053	hs_ref_GRCh38_p12_28	22687645	53	53.00	98.11
K00271:265:HNN3CBBXX:2:1101:25367:2053	hs_ref_GRCh38_p12_213	12068590	44	44.00	97.73
K00271:265:HNN3CBBXX:2:1101:1955:2070	hs_ref_GRCh38_p12_38	265674	64	64.00	93.75
K00271:265:HNN3CBBXX:2:1101:2970:2070	hs_ref_GRCh38_p12_150	8948732	34	34.00	97.06
K00271:265:HNN3CBBXX:2:1101:5061:2070	hs_ref_GRCh38_p12_15	8973721	34	34.00	100.00
K00271:265:HNN3CBBXX:2:1101:10480:2070	hs_ref_GRCh38_p12_86	38671680	38	38.00	100.00
K00271:265:HNN3CBBXX:2:1101:18599:2070	hs_ref_GRCh38_p12_8	79025937	33	33.00	100.00
K00271:265:HNN3CBBXX:2:1101:19695:2070	hs_ref_GRCh38_p12_252	110956	93	93.00	94.62
K00271:265:HNN3CBBXX:2:1101:24850:2070	hs_ref_GRCh38_p12_38	265682	64	64.00	93.75
K00271:265:HNN3CBBXX:2:1101:24850:2070	hs_ref_GRCh38_p12_170	14425263	38	38.00	100.00
K00271:265:HNN3CBBXX:2:1101:26169:2070	hs_ref_GRCh38_p12_156	904	35	35.00	100.00
K00271:265:HNN3CBBXX:2:1101:26656:2070	hs_ref_GRCh38_p12_15	20258711	33	33.00	100.00
K00271:265:HNN3CBBXX:2:1101:29498:2070	hs_ref_GRCh38_p12_133	54792976	40	40.00	100.00
K00271:265:HNN3CBBXX:2:1101:30736:2070	hs_ref_GRCh38_p12_146	16807820	51	51.00	96.08
K00271:265:HNN3CBBXX:2:1101:1621:2088	hs_ref_GRCh38_p12_19	30657727	34	34.00	100.00
K00271:265:HNN3CBBXX:2:1101:1621:2088	hs_ref_GRCh38_p12_19	30657731	32	32.00	100.00
K00271:265:HNN3CBBXX:2:1101:5375:2088	hs_ref_GRCh38_p12_72	2212287	40	40.00	95.00
K00271:265:HNN3CBBXX:2:1101:5700:2088	hs_ref_GRCh38_p12_61	42075450	52	52.00	98.08
K00271:265:HNN3CBBXX:2:1101:6877:2088	hs_ref_GRCh38_p12_253	131790	71	71.00	97.18
K00271:265:HNN3CBBXX:2:1101:16457:2088	hs_ref_GRCh38_p12_8	76505544	33	33.00	100.00
K00271:265:HNN3CBBXX:2:1101:12368:2105	hs_ref_GRCh38_p12_202	11388239	34	34.00	97.06
K00271:265:HNN3CBBXX:2:1101:15635:2105	hs_ref_GRCh38_p12_46	6609630	31	31.00	100.00
K00271:265:HNN3CBBXX:2:1101:22150:2105	hs_ref_GRCh38_p12_26	139430525	57	59.00	93.22
K00271:265:HNN3CBBXX:2:1101:27590:2105	hs_ref_GRCh38_p12_35	48051559	32	32.00	100.00
K00271:265:HNN3CBBXX:2:1101:31751:2105	hs_ref_GRCh38_p12_79	45263415	58	58.00	100.00
K00271:265:HNN3CBBXX:2:1101:5558:2123	hs_ref_GRCh38_p12_38	265674	71	71.00	92.96
K00271:265:HNN3CBBXX:2:1101:5558:2123	hs_ref_GRCh38_p12_79	40757606	30	30.00	100.00
K00271:265:HNN3CBBXX:2:1101:10267:2123	hs_ref_GRCh38_p12_16	5789008	39	39.00	100.00
K00271:265:HNN3CBBXX:2:1101:10734:2123	hs_ref_GRCh38_p12_61	330730	32	32.00	100.00
K00271:265:HNN3CBBXX:2:1101:13169:2123	hs_ref_GRCh38_p12_208	4439016	52	52.00	96.15
K00271:265:HNN3CBBXX:2:1101:13169:2123	hs_ref_GRCh38_p12_208	4439033	40	40.00	100.00
K00271:265:HNN3CBBXX:2:1101:13169:2123	hs_ref_GRCh38_p12_208	4439016	47	47.00	95.74
K00271:265:HNN3CBBXX:2:1101:13169:2123	hs_ref_GRCh38_p12_208	4439016	47	47.00	95.74
K00271:265:HNN3CBBXX:2:1101:13169:2123	hs_ref_GRCh38_p12_208	4439016	47	47.00	95.74
K00271:265:HNN3CBBXX:2:1101:13717:2123	hs_ref_GRCh38_p12_213	26046542	40	40.00	100.00
K00271:265:HNN3CBBXX:2:1101:16660:2123	hs_ref_GRCh38_p12_46	107682342	77	77.00	94.81
K00271:265:HNN3CBBXX:2:1101:19745:2123	hs_ref_GRCh38_p12_301	4320909	30	30.00	100.00
K00271:265:HNN3CBBXX:2:1101:21166:2123	hs_ref_GRCh38_p12_119	34977908	36	36.00	100.00
K00271:265:HNN3CBBXX:2:1101:24799:2123	hs_ref_GRCh38_p12_168	50599314	44	44.00	100.00
K00271:265:HNN3CBBXX:2:1101:27275:2123	hs_ref_GRCh38_p12_215	6826114	31	31.00	100.00
K00271:265:HNN3CBBXX:2:1101:27884:2123	hs_ref_GRCh38_p12_133	46311217	30	30.00	100.00
K00271:265:HNN3CBBXX:2:1101:1570:2141	hs_ref_GRCh38_p12_181	630311	35	35.00	100.00
K00271:265:HNN3CBBXX:2:1101:12286:2141	hs_ref_GRCh38_p12_297	13092587	42	42.00	95.24
K00271:265:HNN3CBBXX:2:1101:12347:2141	hs_ref_GRCh38_p12_45	6639257	44	44.00	100.00
K00271:265:HNN3CBBXX:2:1101:17868:2141	hs_ref_GRCh38_p12_35	61858992	34	34.00	100.00
K00271:265:HNN3CBBXX:2:1101:21988:2141	hs_ref_GRCh38_p12_35	58701636	35	35.00	100.00
K00271:265:HNN3CBBXX:2:1101:22272:2141	hs_ref_GRCh38_p12_236	20572989	37	37.00	100.00
K00271:265:HNN3CBBXX:2:1101:11647:2158	hs_ref_GRCh38_p12_236	25937135	39	39.00	100.00
K00271:265:HNN3CBBXX:2:1101:18385:2158	hs_ref_GRCh38_p12_79	40757605	45	45.00	97.78
K00271:265:HNN3CBBXX:2:1101:18385:2158	hs_ref_GRCh38_p12_80	15169715	31	31.00	100.00
K00271:265:HNN3CBBXX:2:1101:18385:2158	hs_ref_GRCh38_p12_80	15169715	31	31.00	100.00
K00271:265:HNN3CBBXX:2:1101:18385:2158	hs_ref_GRCh38_p12_80	15169715	31	31.00	100.00
K00271:265:HNN3CBBXX:2:1101:18385:2158	hs_ref_GRCh38_p12_80	15169715	31	31.00	100.00
K00271:265:HNN3CBBXX:2:1101:18385:2158	hs_ref_GRCh38_p12_80	15169715	31	31.00	100.00
K00271:265:HNN3CBBXX:2:1101:24292:2158	hs_ref_GRCh38_p12_35	8453619	47	47.00	100.00
K00271:265:HNN3CBBXX:2:1101:24292:2158	hs_ref_GRCh38_p12_35	8453619	47	47.00	100.00
K00271:265:HNN3CBBXX:2:1101:24292:2158	hs_ref_GRCh38_p12_35	8453619	47	47.00	100.00
K00271:265:HNN3CBBXX:2:1101:24292:2158	hs_ref_GRCh38_p12_35	8453619	47	47.00	100.00
K00271:265:HNN3CBBXX:2:1101:24292:2158	hs_ref_GRCh38_p12_35	8453622	46	46.00	100.00
K00271:265:HNN3CBBXX:2:1101:24292:2158	hs_ref_GRCh38_p12_35	8453622	43	43.00	97.67
K00271:265:HNN3CBBXX:2:1101:6421:2176	hs_ref_GRCh38_p12_161	8185913	30	30.00	100.00
K00271:265:HNN3CBBXX:2:1101:12449:2176	hs_ref_GRCh38_p12_133	60109679	44	44.00	97.73
K00271:265:HNN3CBBXX:2:1101:15108:2176	hs_ref_GRCh38_p12_253	90307	93	93.00	96.77
K00271:265:HNN3CBBXX:2:1101:18274:2176	hs_ref_GRCh38_p12_72	23224441	53	53.00	96.23
K00271:265:HNN3CBBXX:2:1101:18741:2176	hs_ref_GRCh38_p12_236	12627746	36	36.00	100.00
K00271:265:HNN3CBBXX:2:1101:1681:2193	hs_ref_GRCh38_p12_61	77992790	37	37.00	100.00
K00271:265:HNN3CBBXX:2:1101:2128:2193	hs_ref_GRCh38_p12_16	4592220	30	30.00	100.00
K00271:265:HNN3CBBXX:2:1101:2250:2193	hs_ref_GRCh38_p12_79	72764862	35	35.00	100.00
K00271:265:HNN3CBBXX:2:1101:5152:2193	hs_ref_GRCh38_p12_26	36657974	34	34.00	100.00
K00271:265:HNN3CBBXX:2:1101:13555:2193	hs_ref_GRCh38_p12_8	52212997	36	36.00	100.00
K00271:265:HNN3CBBXX:2:1101:13555:2193	hs_ref_GRCh38_p12_8	22465331	31	31.00	100.00
K00271:265:HNN3CBBXX:2:1101:29833:2193	hs_ref_GRCh38_p12_35	8453619	48	48.00	100.00
K00271:265:HNN3CBBXX:2:1101:29833:2193	hs_ref_GRCh38_p12_35	8453621	47	47.00	100.00
K00271:265:HNN3CBBXX:2:1101:29833:2193	hs_ref_GRCh38_p12_35	8453622	46	46.00	100.00
K00271:265:HNN3CBBXX:2:1101:29833:2193	hs_ref_GRCh38_p12_35	8453622	46	46.00	100.00
K00271:265:HNN3CBBXX:2:1101:29833:2193	hs_ref_GRCh38_p12_35	8453622	46	46.00	100.00
K00271:265:HNN3CBBXX:2:1101:4594:2211	hs_ref_GRCh38_p12_209	18601329	36	36.00	97.22
K00271:265:HNN3CBBXX:2:1101:6827:2211	hs_ref_GRCh38_p12_198	17633075	31	31.00	100.00
K00271:265:HNN3CBBXX:2:1101:12875:2211	hs_ref_GRCh38_p12_161	30463196	41	41.00	97.56
K00271:265:HNN3CBBXX:2:1101:14702:2211	hs_ref_GRCh38_p12_63	18929670	41	41.00	97.56
K00271:265:HNN3CBBXX:2:1101:14702:2211	hs_ref_GRCh38_p12_293	7350424	36	36.00	100.00
K00271:265:HNN3CBBXX:2:1101:26981:2211	hs_ref_GRCh38_p12_26	65263287	100	100.00	100.00
K00271:265:HNN3CBBXX:2:1101:1864:2228	hs_ref_GRCh38_p12_38	265674	72	72.00	94.44
K00271:265:HNN3CBBXX:2:1101:13453:2228	hs_ref_GRCh38_p12_207	22798786	41	41.00	97.56
K00271:265:HNN3CBBXX:2:1101:13453:2228	hs_ref_GRCh38_p12_207	22798786	41	41.00	97.56
K00271:265:HNN3CBBXX:2:1101:13453:2228	hs_ref_GRCh38_p12_207	22798786	41	41.00	97.56
K00271:265:HNN3CBBXX:2:1101:13453:2228	hs_ref_GRCh38_p12_207	22798786	41	41.00	97.56
K00271:265:HNN3CBBXX:2:1101:13453:2228	hs_ref_GRCh38_p12_207	22798786	41	41.00	97.56
K00271:265:HNN3CBBXX:2:1101:13453:2228	hs_ref_GRCh38_p12_207	22798786	41	41.00	97.56
K00271:265:HNN3CBBXX:2:1101:13453:2228	hs_ref_GRCh38_p12_207	22798786	41	41.00	97.56
K00271:265:HNN3CBBXX:2:1101:13453:2228	hs_ref_GRCh38_p12_207	22798786	41	41.00	97.56
K00271:265:HNN3CBBXX:2:1101:13453:2228	hs_ref_GRCh38_p12_207	22798786	41	41.00	97.56
K00271:265:HNN3CBBXX:2:1101:15544:2228	hs_ref_GRCh38_p12_64	54159207	43	43.00	100.00
K00271:265:HNN3CBBXX:2:1101:15544:2228	hs_ref_GRCh38_p12_168	120027	42	42.00	97.62
K00271:265:HNN3CBBXX:2:1101:24738:2228	hs_ref_GRCh38_p12_150	24065064	57	57.00	92.98
K00271:265:HNN3CBBXX:2:1101:25591:2228	hs_ref_GRCh38_p12_64	27928163	100	100.00	100.00
K00271:265:HNN3CBBXX:2:1101:5304:2246	hs_ref_GRCh38_p12_168	31649167	44	44.00	100.00
K00271:265:HNN3CBBXX:2:1101:8816:2246	hs_ref_GRCh38_p12_26	129018295	57	57.00	98.25
K00271:265:HNN3CBBXX:2:1101:9749:2246	hs_ref_GRCh38_p12_26	139853899	61	61.00	98.36
K00271:265:HNN3CBBXX:2:1101:20851:2246	hs_ref_GRCh38_p12_85	11905070	38	38.00	100.00
K00271:265:HNN3CBBXX:2:1101:6959:2264	hs_ref_GRCh38_p12_26	62245187	30	30.00	100.00
K00271:265:HNN3CBBXX:2:1101:9597:2264	hs_ref_GRCh38_p12_139	9250421	31	31.00	100.00
K00271:265:HNN3CBBXX:2:1101:14489:2264	hs_ref_GRCh38_p12_19	28740105	30	30.00	100.00
K00271:265:HNN3CBBXX:2:1101:15564:2264	hs_ref_GRCh38_p12_139	23965849	32	32.00	100.00
K00271:265:HNN3CBBXX:2:1101:16518:2264	hs_ref_GRCh38_p12_306	1410658	37	37.00	97.30
K00271:265:HNN3CBBXX:2:1101:24779:2264	hs_ref_GRCh38_p12_79	26661899	30	30.00	100.00
K00271:265:HNN3CBBXX:2:1101:28067:2264	hs_ref_GRCh38_p12_292	7614012	36	36.00	100.00
K00271:265:HNN3CBBXX:2:1101:28534:2264	hs_ref_GRCh38_p12_139	19413209	35	35.00	100.00
K00271:265:HNN3CBBXX:2:1101:8653:2281	hs_ref_GRCh38_p12_301	22710562	34	34.00	100.00
K00271:265:HNN3CBBXX:2:1101:9364:2281	hs_ref_GRCh38_p12_202	657555	58	58.00	93.10
K00271:265:HNN3CBBXX:2:1101:17503:2281	hs_ref_GRCh38_p12_262	18541365	51	51.00	100.00
K00271:265:HNN3CBBXX:2:1101:27630:2281	hs_ref_GRCh38_p12_161	64519651	59	59.00	98.31
K00271:265:HNN3CBBXX:2:1101:30594:2281	hs_ref_GRCh38_p12_28	27083679	50	50.00	100.00
K00271:265:HNN3CBBXX:2:1101:6228:2299	hs_ref_GRCh38_p12_292	19074245	58	56.00	96.55
K00271:265:HNN3CBBXX:2:1101:6228:2299	hs_ref_GRCh38_p12_292	19074245	58	56.00	96.55
K00271:265:HNN3CBBXX:2:1101:6228:2299	hs_ref_GRCh38_p12_292	19074245	58	56.00	96.55
K00271:265:HNN3CBBXX:2:1101:6228:2299	hs_ref_GRCh38_p12_292	19074245	58	56.00	96.55
K00271:265:HNN3CBBXX:2:1101:6228:2299	hs_ref_GRCh38_p12_292	19074242	33	33.00	100.00
K00271:265:HNN3CBBXX:2:1101:6979:2299	hs_ref_GRCh38_p12_8	17031416	61	61.00	98.36
K00271:265:HNN3CBBXX:2:1101:11119:2299	hs_ref_GRCh38_p12_26	129018295	50	50.00	96.00
K00271:265:HNN3CBBXX:2:1101:30056:2299	hs_ref_GRCh38_p12_146	28677132	91	91.00	100.00
K00271:265:HNN3CBBXX:2:1101:5244:2316	hs_ref_GRCh38_p12_140	20540464	72	72.00	97.22
K00271:265:HNN3CBBXX:2:1101:7436:2316	hs_ref_GRCh38_p12_253	132010	64	64.00	92.19
K00271:265:HNN3CBBXX:2:1101:11292:2316	hs_ref_GRCh38_p12_236	27378732	61	61.00	96.72
K00271:265:HNN3CBBXX:2:1101:12063:2316	hs_ref_GRCh38_p12_61	24639084	76	76.00	92.11
K00271:265:HNN3CBBXX:2:1101:12449:2316	hs_ref_GRCh38_p12_13	38076550	76	76.00	92.41
K00271:265:HNN3CBBXX:2:1101:12449:2316	hs_ref_GRCh38_p12_13	38076596	33	33.00	100.00
K00271:265:HNN3CBBXX:2:1101:12449:2316	hs_ref_GRCh38_p12_13	38076596	33	33.00	100.00
K00271:265:HNN3CBBXX:2:1101:16407:2316	hs_ref_GRCh38_p12_137	9773966	30	30.00	100.00
K00271:265:HNN3CBBXX:2:1101:17036:2316	hs_ref_GRCh38_p12_293	7350400	55	55.00	94.55
K00271:265:HNN3CBBXX:2:1101:17036:2316	hs_ref_GRCh38_p12_49	10766330	64	59.00	90.62
K00271:265:HNN3CBBXX:2:1101:17036:2316	hs_ref_GRCh38_p12_49	10766326	35	35.00	100.00
K00271:265:HNN3CBBXX:2:1101:21237:2316	hs_ref_GRCh38_p12_83	6927111	34	34.00	100.00
K00271:265:HNN3CBBXX:2:1101:25885:2316	hs_ref_GRCh38_p12_290	17638952	35	35.00	100.00
K00271:265:HNN3CBBXX:2:1101:1316:2334	hs_ref_GRCh38_p12_38	265674	72	72.00	95.83
K00271:265:HNN3CBBXX:2:1101:14428:2334	hs_ref_GRCh38_p12_61	45382832	46	46.00	100.00
K00271:265:HNN3CBBXX:2:1101:14428:2334	hs_ref_GRCh38_p12_69	52937332	34	34.00	100.00
K00271:265:HNN3CBBXX:2:1101:16234:2334	hs_ref_GRCh38_p12_61	38670340	32	32.00	100.00
K00271:265:HNN3CBBXX:2:1101:27661:2334	hs_ref_GRCh38_p12_253	131790	71	71.00	97.18
K00271:265:HNN3CBBXX:2:1101:11190:2352	hs_ref_GRCh38_p12_38	265674	72	72.00	95.83
K00271:265:HNN3CBBXX:2:1101:11190:2352	hs_ref_GRCh38_p12_151	5953170	35	35.00	97.14
K00271:265:HNN3CBBXX:2:1101:12773:2352	hs_ref_GRCh38_p12_64	46674422	75	75.00	100.00
K00271:265:HNN3CBBXX:2:1101:21034:2352	hs_ref_GRCh38_p12_61	20845056	46	46.00	97.83
K00271:265:HNN3CBBXX:2:1101:21034:2352	hs_ref_GRCh38_p12_262	14427684	30	30.00	100.00
K00271:265:HNN3CBBXX:2:1101:26900:2352	hs_ref_GRCh38_p12_161	82451386	34	34.00	100.00
K00271:265:HNN3CBBXX:2:1101:26900:2352	hs_ref_GRCh38_p12_140	30382157	33	33.00	100.00
K00271:265:HNN3CBBXX:2:1101:26900:2352	hs_ref_GRCh38_p12_64	21157476	33	33.00	100.00
K00271:265:HNN3CBBXX:2:1101:4645:2369	hs_ref_GRCh38_p12_236	27378758	30	30.00	100.00
K00271:265:HNN3CBBXX:2:1101:5213:2369	hs_ref_GRCh38_p12_61	55551722	31	31.00	100.00
K00271:265:HNN3CBBXX:2:1101:7486:2369	hs_ref_GRCh38_p12_49	9827257	43	43.00	100.00
K00271:265:HNN3CBBXX:2:1101:12175:2369	hs_ref_GRCh38_p12_35	37196717	33	33.00	100.00
K00271:265:HNN3CBBXX:2:1101:24759:2369	hs_ref_GRCh38_p12_252	117708	98	98.00	95.92
K00271:265:HNN3CBBXX:2:1101:5061:2387	hs_ref_GRCh38_p12_46	43996046	68	66.00	97.06
K00271:265:HNN3CBBXX:2:1101:8268:2387	hs_ref_GRCh38_p12_119	15117552	49	49.00	97.96
K00271:265:HNN3CBBXX:2:1101:10176:2387	hs_ref_GRCh38_p12_61	34507405	36	36.00	100.00
K00271:265:HNN3CBBXX:2:1101:17766:2387	hs_ref_GRCh38_p12_26	29941747	31	31.00	100.00
K00271:265:HNN3CBBXX:2:1101:1905:2404	hs_ref_GRCh38_p12_209	21231307	30	30.00	100.00
K00271:265:HNN3CBBXX:2:1101:5010:2404	hs_ref_GRCh38_p12_72	22404622	44	44.00	100.00
K00271:265:HNN3CBBXX:2:1101:8420:2404	hs_ref_GRCh38_p12_26	65882298	30	30.00	100.00
K00271:265:HNN3CBBXX:2:1101:11688:2404	hs_ref_GRCh38_p12_213	11612987	30	30.00	100.00
K00271:265:HNN3CBBXX:2:1101:18101:2404	hs_ref_GRCh38_p12_38	265679	70	70.00	98.57
K00271:265:HNN3CBBXX:2:1101:19725:2404	hs_ref_GRCh38_p12_171	6916661	44	44.00	100.00
K00271:265:HNN3CBBXX:2:1101:25510:2404	hs_ref_GRCh38_p12_253	131685	63	63.00	92.06
K00271:265:HNN3CBBXX:2:1101:26017:2404	hs_ref_GRCh38_p12_79	38859690	43	43.00	100.00
K00271:265:HNN3CBBXX:2:1101:27641:2404	hs_ref_GRCh38_p12_140	20540464	72	72.00	97.22
K00271:265:HNN3CBBXX:2:1101:30259:2404	hs_ref_GRCh38_p12_46	43996046	68	66.00	97.06
K00271:265:HNN3CBBXX:2:1101:5589:2422	hs_ref_GRCh38_p12_48	5722221	45	45.00	100.00
K00271:265:HNN3CBBXX:2:1101:5589:2422	hs_ref_GRCh38_p12_48	5722221	45	45.00	97.78
K00271:265:HNN3CBBXX:2:1101:5589:2422	hs_ref_GRCh38_p12_7	145049	38	38.00	100.00
K00271:265:HNN3CBBXX:2:1101:5589:2422	hs_ref_GRCh38_p12_48	5722230	36	36.00	100.00
K00271:265:HNN3CBBXX:2:1101:12875:2422	hs_ref_GRCh38_p12_28	53181413	30	30.00	100.00
K00271:265:HNN3CBBXX:2:1101:23246:2422	hs_ref_GRCh38_p12_215	8941790	30	30.00	100.00
K00271:265:HNN3CBBXX:2:1101:23328:2422	hs_ref_GRCh38_p12_252	117846	100	100.00	95.00
K00271:265:HNN3CBBXX:2:1101:29762:2422	hs_ref_GRCh38_p12_28	71252267	42	42.00	100.00
K00271:265:HNN3CBBXX:2:1101:3975:2439	hs_ref_GRCh38_p12_168	31649156	52	52.00	98.08
K00271:265:HNN3CBBXX:2:1101:3975:2439	hs_ref_GRCh38_p12_63	9465106	35	35.00	100.00
K00271:265:HNN3CBBXX:2:1101:7344:2439	hs_ref_GRCh38_p12_49	10766326	57	58.00	94.92
K00271:265:HNN3CBBXX:2:1101:10632:2439	hs_ref_GRCh38_p12_293	7350408	52	53.00	98.11
K00271:265:HNN3CBBXX:2:1101:10632:2439	hs_ref_GRCh38_p12_293	7350418	31	31.00	100.00
K00271:265:HNN3CBBXX:2:1101:10673:2439	hs_ref_GRCh38_p12_28	14426527	55	55.00	100.00
K00271:265:HNN3CBBXX:2:1101:10673:2439	hs_ref_GRCh38_p12_18	48293	38	38.00	97.37
K00271:265:HNN3CBBXX:2:1101:19542:2439	hs_ref_GRCh38_p12_150	1821203	39	39.00	100.00
K00271:265:HNN3CBBXX:2:1101:20395:2439	hs_ref_GRCh38_p12_61	66134840	33	33.00	100.00
K00271:265:HNN3CBBXX:2:1101:4655:2457	hs_ref_GRCh38_p12_161	14468075	70	68.00	92.86
K00271:265:HNN3CBBXX:2:1101:4655:2457	hs_ref_GRCh38_p12_117	60517816	35	35.00	100.00
K00271:265:HNN3CBBXX:2:1101:8105:2457	hs_ref_GRCh38_p12_62	43525	31	31.00	100.00
K00271:265:HNN3CBBXX:2:1101:8937:2457	hs_ref_GRCh38_p12_87	5674270	32	32.00	100.00
K00271:265:HNN3CBBXX:2:1101:13403:2457	hs_ref_GRCh38_p12_26	139853904	58	58.00	100.00
K00271:265:HNN3CBBXX:2:1101:16711:2457	hs_ref_GRCh38_p12_38	265676	70	70.00	92.86
K00271:265:HNN3CBBXX:2:1101:27773:2457	hs_ref_GRCh38_p12_163	404775	53	53.00	100.00
K00271:265:HNN3CBBXX:2:1101:9962:2475	hs_ref_GRCh38_p12_79	31603840	54	53.00	94.44
K00271:265:HNN3CBBXX:2:1101:11525:2475	hs_ref_GRCh38_p12_119	15973150	35	35.00	100.00
K00271:265:HNN3CBBXX:2:1101:21775:2475	hs_ref_GRCh38_p12_215	11213497	54	54.00	98.15
K00271:265:HNN3CBBXX:2:1101:11008:2492	hs_ref_GRCh38_p12_146	28677129	68	68.00	100.00
K00271:265:HNN3CBBXX:2:1101:21785:2492	hs_ref_GRCh38_p12_253	132144	85	85.00	96.47
K00271:265:HNN3CBBXX:2:1101:6451:2510	hs_ref_GRCh38_p12_301	9222731	32	32.00	100.00
K00271:265:HNN3CBBXX:2:1101:6451:2510	hs_ref_GRCh38_p12_138	9770010	32	32.00	100.00
K00271:265:HNN3CBBXX:2:1101:16640:2510	hs_ref_GRCh38_p12_146	27406485	41	41.00	97.56
K00271:265:HNN3CBBXX:2:1101:16640:2510	hs_ref_GRCh38_p12_28	53181413	30	30.00	100.00
K00271:265:HNN3CBBXX:2:1101:19806:2510	hs_ref_GRCh38_p12_38	265674	68	68.00	97.06
K00271:265:HNN3CBBXX:2:1101:26220:2510	hs_ref_GRCh38_p12_171	2772600	30	30.00	100.00
K00271:265:HNN3CBBXX:2:1101:26220:2510	hs_ref_GRCh38_p12_26	120783848	30	30.00	100.00
K00271:265:HNN3CBBXX:2:1101:12063:2527	hs_ref_GRCh38_p12_35	8453619	49	49.00	100.00
K00271:265:HNN3CBBXX:2:1101:12063:2527	hs_ref_GRCh38_p12_35	8453622	46	46.00	100.00
K00271:265:HNN3CBBXX:2:1101:12063:2527	hs_ref_GRCh38_p12_80	2865893	41	41.00	97.56
K00271:265:HNN3CBBXX:2:1101:21521:2527	hs_ref_GRCh38_p12_46	127448405	35	35.00	100.00
K00271:265:HNN3CBBXX:2:1101:23104:2527	hs_ref_GRCh38_p12_236	9802603	36	36.00	100.00
K00271:265:HNN3CBBXX:2:1101:32481:2527	hs_ref_GRCh38_p12_69	7481718	42	42.00	92.86
K00271:265:HNN3CBBXX:2:1101:5172:2545	hs_ref_GRCh38_p12_139	10344562	30	30.00	100.00
K00271:265:HNN3CBBXX:2:1101:19624:2545	hs_ref_GRCh38_p12_293	7350400	56	56.00	94.64
K00271:265:HNN3CBBXX:2:1101:19624:2545	hs_ref_GRCh38_p12_117	60517477	32	32.00	100.00
K00271:265:HNN3CBBXX:2:1101:29061:2545	hs_ref_GRCh38_p12_171	334736	37	37.00	100.00
K00271:265:HNN3CBBXX:2:1101:1570:2563	hs_ref_GRCh38_p12_8	56327410	34	34.00	100.00
K00271:265:HNN3CBBXX:2:1101:17015:2563	hs_ref_GRCh38_p12_19	17482173	59	59.00	98.31
K00271:265:HNN3CBBXX:2:1101:24363:2563	hs_ref_GRCh38_p12_36	691971	31	31.00	100.00
K00271:265:HNN3CBBXX:2:1101:26352:2563	hs_ref_GRCh38_p12_170	7378647	32	32.00	100.00
K00271:265:HNN3CBBXX:2:1101:27204:2563	hs_ref_GRCh38_p12_253	133914	100	100.00	99.00
K00271:265:HNN3CBBXX:2:1101:28057:2563	hs_ref_GRCh38_p12_35	40824291	31	31.00	100.00
K00271:265:HNN3CBBXX:2:1101:6979:2580	hs_ref_GRCh38_p12_139	27335977	35	35.00	100.00
K00271:265:HNN3CBBXX:2:1101:21673:2580	hs_ref_GRCh38_p12_146	16807808	70	71.00	94.37
K00271:265:HNN3CBBXX:2:1101:21673:2580	hs_ref_GRCh38_p12_146	16807819	62	63.00	95.24
K00271:265:HNN3CBBXX:2:1101:22891:2580	hs_ref_GRCh38_p12_79	45263417	71	71.00	100.00
K00271:265:HNN3CBBXX:2:1101:5467:2598	hs_ref_GRCh38_p12_202	11388246	35	35.00	100.00
K00271:265:HNN3CBBXX:2:1101:5467:2598	hs_ref_GRCh38_p12_202	11388246	35	35.00	100.00
K00271:265:HNN3CBBXX:2:1101:5467:2598	hs_ref_GRCh38_p12_202	11388246	35	35.00	100.00
K00271:265:HNN3CBBXX:2:1101:5467:2598	hs_ref_GRCh38_p12_202	11388246	35	35.00	100.00
K00271:265:HNN3CBBXX:2:1101:5467:2598	hs_ref_GRCh38_p12_202	11388246	35	35.00	100.00
K00271:265:HNN3CBBXX:2:1101:5467:2598	hs_ref_GRCh38_p12_202	11388246	35	35.00	100.00
K00271:265:HNN3CBBXX:2:1101:5467:2598	hs_ref_GRCh38_p12_202	11388246	35	35.00	100.00
K00271:265:HNN3CBBXX:2:1101:5467:2598	hs_ref_GRCh38_p12_202	11388246	33	33.00	100.00
K00271:265:HNN3CBBXX:2:1101:5467:2598	hs_ref_GRCh38_p12_202	11388251	36	36.00	97.22
K00271:265:HNN3CBBXX:2:1101:17401:2598	hs_ref_GRCh38_p12_139	30175978	42	42.00	100.00
K00271:265:HNN3CBBXX:2:1101:17401:2598	hs_ref_GRCh38_p12_181	32581621	39	39.00	100.00
K00271:265:HNN3CBBXX:2:1101:19228:2598	hs_ref_GRCh38_p12_168	25873374	50	50.00	98.00
K00271:265:HNN3CBBXX:2:1101:19228:2598	hs_ref_GRCh38_p12_26	19646159	39	39.00	97.44
K00271:265:HNN3CBBXX:2:1101:19898:2598	hs_ref_GRCh38_p12_48	8355354	67	67.00	94.03
K00271:265:HNN3CBBXX:2:1101:21521:2598	hs_ref_GRCh38_p12_7	9546295	43	43.00	100.00
K00271:265:HNN3CBBXX:2:1101:21521:2598	hs_ref_GRCh38_p12_146	11776312	39	39.00	97.44
K00271:265:HNN3CBBXX:2:1101:26595:2598	hs_ref_GRCh38_p12_46	3857807	31	31.00	100.00
K00271:265:HNN3CBBXX:2:1101:1905:2615	hs_ref_GRCh38_p12_146	28677133	90	90.00	100.00
K00271:265:HNN3CBBXX:2:1101:9759:2615	hs_ref_GRCh38_p12_18	48170	34	34.00	100.00
K00271:265:HNN3CBBXX:2:1101:12012:2615	hs_ref_GRCh38_p12_252	154145	35	35.00	100.00
K00271:265:HNN3CBBXX:2:1101:20679:2615	hs_ref_GRCh38_p12_253	131485	35	35.00	100.00
K00271:265:HNN3CBBXX:2:1101:24880:2615	hs_ref_GRCh38_p12_168	31649168	42	42.00	97.62
K00271:265:HNN3CBBXX:2:1101:3945:2633	hs_ref_GRCh38_p12_252	111075	92	92.00	93.48
K00271:265:HNN3CBBXX:2:1101:10947:2633	hs_ref_GRCh38_p12_133	35514057	37	37.00	100.00
K00271:265:HNN3CBBXX:2:1101:19999:2633	hs_ref_GRCh38_p12_79	16418057	40	40.00	97.50
K00271:265:HNN3CBBXX:2:1101:21176:2633	hs_ref_GRCh38_p12_117	62738216	40	40.00	97.50
K00271:265:HNN3CBBXX:2:1101:26575:2633	hs_ref_GRCh38_p12_7	9546295	37	37.00	97.30
K00271:265:HNN3CBBXX:2:1101:8034:2650	hs_ref_GRCh38_p12_68	12246857	80	80.00	95.00
K00271:265:HNN3CBBXX:2:1101:8034:2650	hs_ref_GRCh38_p12_68	12246856	72	72.00	93.06
K00271:265:HNN3CBBXX:2:1101:3153:2668	hs_ref_GRCh38_p12_26	139430522	37	37.00	97.30
K00271:265:HNN3CBBXX:2:1101:3153:2668	hs_ref_GRCh38_p12_133	16619889	34	34.00	97.06
K00271:265:HNN3CBBXX:2:1101:3681:2668	hs_ref_GRCh38_p12_72	37718661	30	30.00	100.00
K00271:265:HNN3CBBXX:2:1101:3924:2668	hs_ref_GRCh38_p12_49	14698529	44	44.00	97.73
K00271:265:HNN3CBBXX:2:1101:22150:2668	hs_ref_GRCh38_p12_140	15155546	36	36.00	97.22
K00271:265:HNN3CBBXX:2:1101:22150:2668	hs_ref_GRCh38_p12_6	2808309	30	30.00	100.00
K00271:265:HNN3CBBXX:2:1101:8258:2686	hs_ref_GRCh38_p12_48	8355351	70	70.00	97.14
K00271:265:HNN3CBBXX:2:1101:11627:2686	hs_ref_GRCh38_p12_184	6602695	30	30.00	100.00
K00271:265:HNN3CBBXX:2:1101:15016:2686	hs_ref_GRCh38_p12_161	66809169	37	37.00	100.00
K00271:265:HNN3CBBXX:2:1101:15666:2686	hs_ref_GRCh38_p12_253	132159	70	70.00	95.71
K00271:265:HNN3CBBXX:2:1101:20537:2686	hs_ref_GRCh38_p12_146	28677132	91	91.00	97.80
K00271:265:HNN3CBBXX:2:1101:23358:2686	hs_ref_GRCh38_p12_253	125980	37	37.00	100.00
K00271:265:HNN3CBBXX:2:1101:24211:2686	hs_ref_GRCh38_p12_8	37441602	52	52.00	100.00
K00271:265:HNN3CBBXX:2:1101:25895:2686	hs_ref_GRCh38_p12_207	22798786	41	41.00	97.56
K00271:265:HNN3CBBXX:2:1101:25895:2686	hs_ref_GRCh38_p12_207	22798786	41	41.00	97.56
K00271:265:HNN3CBBXX:2:1101:25895:2686	hs_ref_GRCh38_p12_207	22798786	32	32.00	100.00
K00271:265:HNN3CBBXX:2:1101:27478:2686	hs_ref_GRCh38_p12_252	111114	67	67.00	98.51
K00271:265:HNN3CBBXX:2:1101:28676:2686	hs_ref_GRCh38_p12_28	77589645	30	30.00	100.00
K00271:265:HNN3CBBXX:2:1101:12449:2703	hs_ref_GRCh38_p12_198	2123381	41	41.00	100.00
K00271:265:HNN3CBBXX:2:1101:17584:2703	hs_ref_GRCh38_p12_15	2396163	33	33.00	100.00
K00271:265:HNN3CBBXX:2:1101:22374:2703	hs_ref_GRCh38_p12_168	60106183	31	31.00	100.00
K00271:265:HNN3CBBXX:2:1101:22983:2703	hs_ref_GRCh38_p12_26	12361567	43	43.00	97.67
K00271:265:HNN3CBBXX:2:1101:22983:2703	hs_ref_GRCh38_p12_161	55658843	30	30.00	100.00
K00271:265:HNN3CBBXX:2:1101:26108:2703	hs_ref_GRCh38_p12_253	90307	93	93.00	96.77
K00271:265:HNN3CBBXX:2:1101:27590:2703	hs_ref_GRCh38_p12_35	1112742	32	32.00	100.00
K00271:265:HNN3CBBXX:2:1101:29518:2703	hs_ref_GRCh38_p12_293	7350419	36	36.00	100.00
K00271:265:HNN3CBBXX:2:1101:4888:2721	hs_ref_GRCh38_p12_19	17482168	61	61.00	98.36
K00271:265:HNN3CBBXX:2:1101:5375:2721	hs_ref_GRCh38_p12_181	4304354	31	31.00	100.00
K00271:265:HNN3CBBXX:2:1101:7101:2721	hs_ref_GRCh38_p12_119	28993248	95	95.00	100.00
K00271:265:HNN3CBBXX:2:1101:16701:2721	hs_ref_GRCh38_p12_61	34507399	32	32.00	100.00
K00271:265:HNN3CBBXX:2:1101:16823:2721	hs_ref_GRCh38_p12_64	39282595	39	39.00	100.00
K00271:265:HNN3CBBXX:2:1101:16823:2721	hs_ref_GRCh38_p12_64	39282595	39	39.00	100.00
K00271:265:HNN3CBBXX:2:1101:16823:2721	hs_ref_GRCh38_p12_64	39282595	39	39.00	100.00
K00271:265:HNN3CBBXX:2:1101:16823:2721	hs_ref_GRCh38_p12_64	39282595	39	39.00	100.00
K00271:265:HNN3CBBXX:2:1101:16823:2721	hs_ref_GRCh38_p12_64	39282595	39	39.00	100.00
K00271:265:HNN3CBBXX:2:1101:16823:2721	hs_ref_GRCh38_p12_64	39282595	39	39.00	100.00
K00271:265:HNN3CBBXX:2:1101:16823:2721	hs_ref_GRCh38_p12_64	39282595	39	39.00	100.00
K00271:265:HNN3CBBXX:2:1101:18426:2721	hs_ref_GRCh38_p12_253	81718	89	88.00	89.89
K00271:265:HNN3CBBXX:2:1101:23115:2721	hs_ref_GRCh38_p12_146	30499257	33	33.00	100.00
K00271:265:HNN3CBBXX:2:1101:26220:2721	hs_ref_GRCh38_p12_161	47714502	43	43.00	100.00
K00271:265:HNN3CBBXX:2:1101:7496:2738	hs_ref_GRCh38_p12_210	12704001	30	30.00	100.00
K00271:265:HNN3CBBXX:2:1101:14133:2738	hs_ref_GRCh38_p12_26	132470548	30	30.00	100.00
K00271:265:HNN3CBBXX:2:1101:23328:2738	hs_ref_GRCh38_p12_28	23536460	34	34.00	100.00
K00271:265:HNN3CBBXX:2:1101:23612:2738	hs_ref_GRCh38_p12_38	265679	70	70.00	95.71
K00271:265:HNN3CBBXX:2:1101:2331:2756	hs_ref_GRCh38_p12_253	89716	100	100.00	97.00
K00271:265:HNN3CBBXX:2:1101:12865:2756	hs_ref_GRCh38_p12_253	131708	100	100.00	87.00
K00271:265:HNN3CBBXX:2:1101:23439:2756	hs_ref_GRCh38_p12_85	6771404	60	60.00	100.00
K00271:265:HNN3CBBXX:2:1101:28026:2756	hs_ref_GRCh38_p12_292	19911855	32	32.00	100.00
K00271:265:HNN3CBBXX:2:1101:19471:2774	hs_ref_GRCh38_p12_138	9770012	30	30.00	100.00
K00271:265:HNN3CBBXX:2:1101:25499:2774	hs_ref_GRCh38_p12_27	3279382	100	100.00	100.00
K00271:265:HNN3CBBXX:2:1101:26108:2774	hs_ref_GRCh38_p12_19	51180983	42	42.00	100.00
K00271:265:HNN3CBBXX:2:1101:3427:2791	hs_ref_GRCh38_p12_8	44946776	53	53.00	96.23
K00271:265:HNN3CBBXX:2:1101:4300:2791	hs_ref_GRCh38_p12_35	8453621	47	47.00	100.00
K00271:265:HNN3CBBXX:2:1101:4300:2791	hs_ref_GRCh38_p12_35	8453621	47	47.00	100.00
K00271:265:HNN3CBBXX:2:1101:4300:2791	hs_ref_GRCh38_p12_35	8453621	47	47.00	100.00
K00271:265:HNN3CBBXX:2:1101:4300:2791	hs_ref_GRCh38_p12_35	8453621	47	47.00	100.00
K00271:265:HNN3CBBXX:2:1101:4300:2791	hs_ref_GRCh38_p12_35	8453621	47	47.00	100.00
K00271:265:HNN3CBBXX:2:1101:4300:2791	hs_ref_GRCh38_p12_35	8453621	47	47.00	100.00
K00271:265:HNN3CBBXX:2:1101:4300:2791	hs_ref_GRCh38_p12_35	8453621	47	47.00	100.00
K00271:265:HNN3CBBXX:2:1101:5213:2791	hs_ref_GRCh38_p12_79	77928135	30	30.00	100.00
K00271:265:HNN3CBBXX:2:1101:5375:2791	hs_ref_GRCh38_p12_69	48207659	37	37.00	100.00
K00271:265:HNN3CBBXX:2:1101:5375:2791	hs_ref_GRCh38_p12_87	26923794	30	30.00	100.00
K00271:265:HNN3CBBXX:2:1101:8562:2791	hs_ref_GRCh38_p12_253	126508	78	78.00	94.87
K00271:265:HNN3CBBXX:2:1101:9049:2791	hs_ref_GRCh38_p12_133	78320313	36	36.00	100.00
K00271:265:HNN3CBBXX:2:1101:9942:2791	hs_ref_GRCh38_p12_79	40757605	45	45.00	97.78
K00271:265:HNN3CBBXX:2:1101:9942:2791	hs_ref_GRCh38_p12_80	15169715	31	31.00	100.00
K00271:265:HNN3CBBXX:2:1101:9942:2791	hs_ref_GRCh38_p12_80	15169715	31	31.00	100.00
K00271:265:HNN3CBBXX:2:1101:9942:2791	hs_ref_GRCh38_p12_80	15169715	31	31.00	100.00
K00271:265:HNN3CBBXX:2:1101:9942:2791	hs_ref_GRCh38_p12_80	15169715	31	31.00	100.00
K00271:265:HNN3CBBXX:2:1101:9942:2791	hs_ref_GRCh38_p12_80	15169715	31	31.00	100.00
K00271:265:HNN3CBBXX:2:1101:10490:2791	hs_ref_GRCh38_p12_215	21898537	38	38.00	100.00
K00271:265:HNN3CBBXX:2:1101:16173:2791	hs_ref_GRCh38_p12_8	39569748	43	43.00	97.67
K00271:265:HNN3CBBXX:2:1101:16234:2791	hs_ref_GRCh38_p12_292	19911855	32	32.00	100.00
K00271:265:HNN3CBBXX:2:1101:16234:2791	hs_ref_GRCh38_p12_61	68856125	30	30.00	100.00
K00271:265:HNN3CBBXX:2:1101:20760:2791	hs_ref_GRCh38_p12_150	6808447	31	31.00	100.00
K00271:265:HNN3CBBXX:2:1101:21531:2791	hs_ref_GRCh38_p12_161	72481325	36	36.00	100.00
K00271:265:HNN3CBBXX:2:1101:21531:2791	hs_ref_GRCh38_p12_135	24987378	31	31.00	100.00
K00271:265:HNN3CBBXX:2:1101:30381:2791	hs_ref_GRCh38_p12_49	3471257	58	58.00	100.00
K00271:265:HNN3CBBXX:2:1101:5771:2809	hs_ref_GRCh38_p12_213	28580314	30	30.00	100.00
K00271:265:HNN3CBBXX:2:1101:6360:2809	hs_ref_GRCh38_p12_64	27465852	43	43.00	97.67
K00271:265:HNN3CBBXX:2:1101:6360:2809	hs_ref_GRCh38_p12_8	6702358	45	45.00	95.56
K00271:265:HNN3CBBXX:2:1101:15960:2809	hs_ref_GRCh38_p12_292	17728383	32	32.00	100.00
K00271:265:HNN3CBBXX:2:1101:23551:2809	hs_ref_GRCh38_p12_207	22798785	42	42.00	97.62
K00271:265:HNN3CBBXX:2:1101:23551:2809	hs_ref_GRCh38_p12_207	22798786	41	41.00	97.56
K00271:265:HNN3CBBXX:2:1101:23551:2809	hs_ref_GRCh38_p12_207	22798786	31	31.00	100.00
K00271:265:HNN3CBBXX:2:1101:23571:2809	hs_ref_GRCh38_p12_161	79643684	33	33.00	100.00
K00271:265:HNN3CBBXX:2:1101:27793:2809	hs_ref_GRCh38_p12_61	87998577	57	57.00	98.25
K00271:265:HNN3CBBXX:2:1101:27793:2809	hs_ref_GRCh38_p12_293	6176166	37	37.00	100.00
K00271:265:HNN3CBBXX:2:1101:4401:2826	hs_ref_GRCh38_p12_252	109792	62	63.00	98.41
K00271:265:HNN3CBBXX:2:1101:13291:2826	hs_ref_GRCh38_p12_146	28677138	85	85.00	95.29
K00271:265:HNN3CBBXX:2:1101:14651:2826	hs_ref_GRCh38_p12_38	265679	67	67.00	98.51
K00271:265:HNN3CBBXX:2:1101:26362:2826	hs_ref_GRCh38_p12_72	44956994	45	45.00	97.78
K00271:265:HNN3CBBXX:2:1101:26362:2826	hs_ref_GRCh38_p12_72	44956994	45	45.00	97.78
K00271:265:HNN3CBBXX:2:1101:26362:2826	hs_ref_GRCh38_p12_72	44956994	45	45.00	97.78
K00271:265:HNN3CBBXX:2:1101:26362:2826	hs_ref_GRCh38_p12_72	44956994	45	45.00	97.78
K00271:265:HNN3CBBXX:2:1101:30178:2826	hs_ref_GRCh38_p12_13	29187250	81	81.00	90.12
K00271:265:HNN3CBBXX:2:1101:4635:2844	hs_ref_GRCh38_p12_213	7203161	38	38.00	100.00
K00271:265:HNN3CBBXX:2:1101:10947:2844	hs_ref_GRCh38_p12_253	131790	71	71.00	97.18
K00271:265:HNN3CBBXX:2:1101:15493:2844	hs_ref_GRCh38_p12_253	131729	100	100.00	91.00
K00271:265:HNN3CBBXX:2:1101:17503:2844	hs_ref_GRCh38_p12_150	45049949	37	37.00	100.00
K00271:265:HNN3CBBXX:2:1101:7466:2861	hs_ref_GRCh38_p12_253	132022	52	52.00	96.15
K00271:265:HNN3CBBXX:2:1101:9333:2861	hs_ref_GRCh38_p12_146	28677133	90	90.00	100.00
K00271:265:HNN3CBBXX:2:1101:9333:2861	hs_ref_GRCh38_p12_146	28677133	88	88.00	100.00
K00271:265:HNN3CBBXX:2:1101:9394:2861	hs_ref_GRCh38_p12_35	82361457	87	87.00	96.55
K00271:265:HNN3CBBXX:2:1101:9394:2861	hs_ref_GRCh38_p12_35	82361515	40	40.00	97.50
K00271:265:HNN3CBBXX:2:1101:10734:2861	hs_ref_GRCh38_p12_7	9546295	72	70.00	91.67
K00271:265:HNN3CBBXX:2:1101:10734:2861	hs_ref_GRCh38_p12_7	9546298	52	52.00	94.23
K00271:265:HNN3CBBXX:2:1101:13372:2861	hs_ref_GRCh38_p12_210	21647320	53	53.00	98.11
K00271:265:HNN3CBBXX:2:1101:13372:2861	hs_ref_GRCh38_p12_210	21647312	65	65.00	93.85
K00271:265:HNN3CBBXX:2:1101:13372:2861	hs_ref_GRCh38_p12_210	21647313	64	64.00	93.75
K00271:265:HNN3CBBXX:2:1101:13372:2861	hs_ref_GRCh38_p12_210	21647315	62	62.00	91.94
K00271:265:HNN3CBBXX:2:1101:14773:2861	hs_ref_GRCh38_p12_256	1570	62	63.00	98.41
K00271:265:HNN3CBBXX:2:1101:18264:2861	hs_ref_GRCh38_p12_293	7350400	55	55.00	94.55
K00271:265:HNN3CBBXX:2:1101:18264:2861	hs_ref_GRCh38_p12_79	67491110	33	33.00	100.00
K00271:265:HNN3CBBXX:2:1101:18264:2861	hs_ref_GRCh38_p12_293	7350419	32	32.00	100.00
K00271:265:HNN3CBBXX:2:1101:4229:2879	hs_ref_GRCh38_p12_86	31953158	91	92.00	89.13
K00271:265:HNN3CBBXX:2:1101:16325:2879	hs_ref_GRCh38_p12_28	90159527	53	54.00	94.44
K00271:265:HNN3CBBXX:2:1101:16325:2879	hs_ref_GRCh38_p12_28	90159527	37	37.00	100.00
K00271:265:HNN3CBBXX:2:1101:16325:2879	hs_ref_GRCh38_p12_28	90159527	37	37.00	100.00
K00271:265:HNN3CBBXX:2:1101:16325:2879	hs_ref_GRCh38_p12_28	90159527	37	37.00	100.00
K00271:265:HNN3CBBXX:2:1101:16325:2879	hs_ref_GRCh38_p12_28	90159527	37	37.00	100.00
K00271:265:HNN3CBBXX:2:1101:16325:2879	hs_ref_GRCh38_p12_28	90159527	37	37.00	100.00
K00271:265:HNN3CBBXX:2:1101:16325:2879	hs_ref_GRCh38_p12_28	90159527	37	37.00	100.00
K00271:265:HNN3CBBXX:2:1101:19958:2879	hs_ref_GRCh38_p12_46	22672845	64	64.00	100.00
K00271:265:HNN3CBBXX:2:1101:20446:2879	hs_ref_GRCh38_p12_258	258259	38	38.00	100.00
K00271:265:HNN3CBBXX:2:1101:23206:2879	hs_ref_GRCh38_p12_46	39888440	33	33.00	100.00
K00271:265:HNN3CBBXX:2:1101:25154:2879	hs_ref_GRCh38_p12_181	34545892	40	40.00	97.50
K00271:265:HNN3CBBXX:2:1101:25154:2879	hs_ref_GRCh38_p12_290	30152056	30	30.00	100.00
K00271:265:HNN3CBBXX:2:1101:7425:2897	hs_ref_GRCh38_p12_86	51311563	33	33.00	100.00
K00271:265:HNN3CBBXX:2:1101:7425:2897	hs_ref_GRCh38_p12_86	51311566	31	31.00	100.00
K00271:265:HNN3CBBXX:2:1101:7425:2897	hs_ref_GRCh38_p12_86	51311566	31	31.00	100.00
K00271:265:HNN3CBBXX:2:1101:7425:2897	hs_ref_GRCh38_p12_86	51311566	31	31.00	100.00
K00271:265:HNN3CBBXX:2:1101:7425:2897	hs_ref_GRCh38_p12_86	51311566	31	31.00	100.00
K00271:265:HNN3CBBXX:2:1101:7425:2897	hs_ref_GRCh38_p12_86	51311566	31	31.00	100.00
K00271:265:HNN3CBBXX:2:1101:7425:2897	hs_ref_GRCh38_p12_86	51311566	31	31.00	100.00
K00271:265:HNN3CBBXX:2:1101:11201:2897	hs_ref_GRCh38_p12_5	5904616	39	39.00	97.44
K00271:265:HNN3CBBXX:2:1101:11363:2897	hs_ref_GRCh38_p12_26	132470548	30	30.00	100.00
K00271:265:HNN3CBBXX:2:1101:12236:2897	hs_ref_GRCh38_p12_297	16737869	62	62.00	100.00
K00271:265:HNN3CBBXX:2:1101:12236:2897	hs_ref_GRCh38_p12_297	16737858	61	60.00	96.72
K00271:265:HNN3CBBXX:2:1101:16133:2897	hs_ref_GRCh38_p12_19	26244252	30	30.00	100.00
K00271:265:HNN3CBBXX:2:1101:23236:2897	hs_ref_GRCh38_p12_117	9649760	35	35.00	100.00
K00271:265:HNN3CBBXX:2:1101:26078:2897	hs_ref_GRCh38_p12_27	3279381	100	100.00	100.00
K00271:265:HNN3CBBXX:2:1101:29447:2897	hs_ref_GRCh38_p12_46	6609617	51	51.00	96.08
K00271:265:HNN3CBBXX:2:1101:29447:2897	hs_ref_GRCh38_p12_46	6609618	42	42.00	100.00
K00271:265:HNN3CBBXX:2:1101:29447:2897	hs_ref_GRCh38_p12_13	25031532	56	54.00	91.07
K00271:265:HNN3CBBXX:2:1101:30198:2897	hs_ref_GRCh38_p12_79	65533659	36	36.00	100.00
K00271:265:HNN3CBBXX:2:1101:3011:2914	hs_ref_GRCh38_p12_26	106437724	38	38.00	100.00
K00271:265:HNN3CBBXX:2:1101:16894:2914	hs_ref_GRCh38_p12_79	58205457	44	44.00	100.00
K00271:265:HNN3CBBXX:2:1101:17462:2914	hs_ref_GRCh38_p12_181	10856994	46	46.00	97.83
K00271:265:HNN3CBBXX:2:1101:21988:2914	hs_ref_GRCh38_p12_253	89626	98	98.00	97.96
K00271:265:HNN3CBBXX:2:1101:27549:2914	hs_ref_GRCh38_p12_253	131790	71	71.00	97.18
K00271:265:HNN3CBBXX:2:1101:29640:2914	hs_ref_GRCh38_p12_297	36191765	52	52.00	96.15
K00271:265:HNN3CBBXX:2:1101:11180:2932	hs_ref_GRCh38_p12_86	9271290	41	41.00	100.00
K00271:265:HNN3CBBXX:2:1101:27803:2932	hs_ref_GRCh38_p12_139	31728297	58	57.00	96.55
K00271:265:HNN3CBBXX:2:1101:28899:2932	hs_ref_GRCh38_p12_26	13030668	36	36.00	100.00
K00271:265:HNN3CBBXX:2:1101:28899:2932	hs_ref_GRCh38_p12_292	21748962	30	30.00	100.00
K00271:265:HNN3CBBXX:2:1101:4066:2949	hs_ref_GRCh38_p12_26	98382327	32	32.00	100.00
K00271:265:HNN3CBBXX:2:1101:5000:2949	hs_ref_GRCh38_p12_79	45263417	69	69.00	100.00
K00271:265:HNN3CBBXX:2:1101:11069:2949	hs_ref_GRCh38_p12_63	17345405	34	34.00	100.00
K00271:265:HNN3CBBXX:2:1101:11069:2949	hs_ref_GRCh38_p12_80	2215837	32	32.00	100.00
K00271:265:HNN3CBBXX:2:1101:11069:2949	hs_ref_GRCh38_p12_80	2215837	32	32.00	100.00
K00271:265:HNN3CBBXX:2:1101:11069:2949	hs_ref_GRCh38_p12_80	2215837	32	32.00	100.00
K00271:265:HNN3CBBXX:2:1101:11069:2949	hs_ref_GRCh38_p12_80	2215839	30	30.00	100.00
K00271:265:HNN3CBBXX:2:1101:11820:2949	hs_ref_GRCh38_p12_252	117772	100	100.00	99.00
K00271:265:HNN3CBBXX:2:1101:15534:2949	hs_ref_GRCh38_p12_72	41788528	41	41.00	100.00
K00271:265:HNN3CBBXX:2:1101:15534:2949	hs_ref_GRCh38_p12_161	70639078	38	38.00	100.00
K00271:265:HNN3CBBXX:2:1101:19999:2949	hs_ref_GRCh38_p12_146	28677133	90	90.00	100.00
K00271:265:HNN3CBBXX:2:1101:1763:2967	hs_ref_GRCh38_p12_184	1232299	79	75.00	92.41
K00271:265:HNN3CBBXX:2:1101:1763:2967	hs_ref_GRCh38_p12_7	145048	39	39.00	100.00
K00271:265:HNN3CBBXX:2:1101:9090:2967	hs_ref_GRCh38_p12_290	23076302	43	43.00	100.00
K00271:265:HNN3CBBXX:2:1101:9090:2967	hs_ref_GRCh38_p12_290	23076304	58	59.00	94.92
K00271:265:HNN3CBBXX:2:1101:9090:2967	hs_ref_GRCh38_p12_290	23076302	43	43.00	100.00
K00271:265:HNN3CBBXX:2:1101:9090:2967	hs_ref_GRCh38_p12_290	23076302	43	43.00	100.00
K00271:265:HNN3CBBXX:2:1101:9090:2967	hs_ref_GRCh38_p12_290	23076302	43	43.00	100.00
K00271:265:HNN3CBBXX:2:1101:9090:2967	hs_ref_GRCh38_p12_290	23076302	43	43.00	100.00
K00271:265:HNN3CBBXX:2:1101:10145:2967	hs_ref_GRCh38_p12_213	11042949	33	33.00	100.00
K00271:265:HNN3CBBXX:2:1101:12154:2967	hs_ref_GRCh38_p12_28	39412864	66	66.00	100.00
K00271:265:HNN3CBBXX:2:1101:14955:2967	hs_ref_GRCh38_p12_79	56196990	48	48.00	100.00
K00271:265:HNN3CBBXX:2:1101:14955:2967	hs_ref_GRCh38_p12_87	38662793	35	35.00	100.00
K00271:265:HNN3CBBXX:2:1101:15097:2967	hs_ref_GRCh38_p12_69	10955701	31	31.00	100.00
K00271:265:HNN3CBBXX:2:1101:25976:2967	hs_ref_GRCh38_p12_69	57707664	33	33.00	100.00
K00271:265:HNN3CBBXX:2:1101:9912:2985	hs_ref_GRCh38_p12_46	119775155	30	30.00	100.00
K00271:265:HNN3CBBXX:2:1101:3386:3002	hs_ref_GRCh38_p12_181	34705481	64	64.00	95.31
K00271:265:HNN3CBBXX:2:1101:3386:3002	hs_ref_GRCh38_p12_64	18509602	33	33.00	100.00
K00271:265:HNN3CBBXX:2:1101:13798:3002	hs_ref_GRCh38_p12_17	1432979	36	36.00	97.22
K00271:265:HNN3CBBXX:2:1101:22221:3002	hs_ref_GRCh38_p12_49	15241936	46	46.00	93.48
K00271:265:HNN3CBBXX:2:1101:22221:3002	hs_ref_GRCh38_p12_139	34630669	30	30.00	100.00
K00271:265:HNN3CBBXX:2:1101:24292:3002	hs_ref_GRCh38_p12_19	49916828	38	39.00	97.44
K00271:265:HNN3CBBXX:2:1101:8044:3020	hs_ref_GRCh38_p12_146	28677133	81	81.00	100.00
K00271:265:HNN3CBBXX:2:1101:11292:3020	hs_ref_GRCh38_p12_38	265677	69	69.00	95.65
K00271:265:HNN3CBBXX:2:1101:15980:3020	hs_ref_GRCh38_p12_13	30754936	34	34.00	100.00
K00271:265:HNN3CBBXX:2:1101:16589:3020	hs_ref_GRCh38_p12_342	2029335	59	59.00	100.00
K00271:265:HNN3CBBXX:2:1101:16670:3020	hs_ref_GRCh38_p12_46	28335194	37	37.00	100.00
K00271:265:HNN3CBBXX:2:1101:17929:3020	hs_ref_GRCh38_p12_117	55316838	30	30.00	100.00
K00271:265:HNN3CBBXX:2:1101:24119:3020	hs_ref_GRCh38_p12_35	2915773	30	30.00	100.00
K00271:265:HNN3CBBXX:2:1101:25337:3020	hs_ref_GRCh38_p12_35	92148003	45	45.00	97.78
K00271:265:HNN3CBBXX:2:1101:25520:3020	hs_ref_GRCh38_p12_49	10766327	67	68.00	95.59
K00271:265:HNN3CBBXX:2:1101:25520:3020	hs_ref_GRCh38_p12_48	5722221	45	45.00	100.00
K00271:265:HNN3CBBXX:2:1101:25520:3020	hs_ref_GRCh38_p12_48	5722221	35	35.00	100.00
K00271:265:HNN3CBBXX:2:1101:29031:3020	hs_ref_GRCh38_p12_301	3031225	49	49.00	97.96
K00271:265:HNN3CBBXX:2:1101:8643:3037	hs_ref_GRCh38_p12_85	29694021	45	45.00	95.56
K00271:265:HNN3CBBXX:2:1101:8643:3037	hs_ref_GRCh38_p12_49	15241946	36	36.00	97.22
K00271:265:HNN3CBBXX:2:1101:9293:3037	hs_ref_GRCh38_p12_46	39888442	69	69.00	97.10
K00271:265:HNN3CBBXX:2:1101:9293:3037	hs_ref_GRCh38_p12_46	39888440	48	48.00	97.92
K00271:265:HNN3CBBXX:2:1101:10226:3037	hs_ref_GRCh38_p12_181	24483651	57	57.00	100.00
K00271:265:HNN3CBBXX:2:1101:10835:3037	hs_ref_GRCh38_p12_46	26816988	51	51.00	98.04
K00271:265:HNN3CBBXX:2:1101:16823:3037	hs_ref_GRCh38_p12_40	8250816	30	30.00	100.00
K00271:265:HNN3CBBXX:2:1101:18081:3037	hs_ref_GRCh38_p12_198	9720146	37	37.00	100.00
K00271:265:HNN3CBBXX:2:1101:25043:3037	hs_ref_GRCh38_p12_5	9182033	48	49.00	97.96
K00271:265:HNN3CBBXX:2:1101:30340:3037	hs_ref_GRCh38_p12_151	5953168	35	35.00	100.00
K00271:265:HNN3CBBXX:2:1101:3478:3055	hs_ref_GRCh38_p12_19	17482166	63	63.00	95.24
K00271:265:HNN3CBBXX:2:1101:5629:3055	hs_ref_GRCh38_p12_253	127098	100	100.00	91.00
K00271:265:HNN3CBBXX:2:1101:6461:3055	hs_ref_GRCh38_p12_253	81718	89	88.00	89.89
K00271:265:HNN3CBBXX:2:1101:9181:3055	hs_ref_GRCh38_p12_253	133875	100	100.00	98.00
K00271:265:HNN3CBBXX:2:1101:24464:3055	hs_ref_GRCh38_p12_262	17876037	33	33.00	100.00
K00271:265:HNN3CBBXX:2:1101:3955:3072	hs_ref_GRCh38_p12_137	10167824	33	33.00	100.00
K00271:265:HNN3CBBXX:2:1101:3924:3090	hs_ref_GRCh38_p12_13	38076550	76	76.00	92.41
K00271:265:HNN3CBBXX:2:1101:3924:3090	hs_ref_GRCh38_p12_13	38076550	76	76.00	92.41
K00271:265:HNN3CBBXX:2:1101:3924:3090	hs_ref_GRCh38_p12_13	38076552	74	74.00	92.21
K00271:265:HNN3CBBXX:2:1101:4452:3090	hs_ref_GRCh38_p12_38	265674	72	75.00	93.33
K00271:265:HNN3CBBXX:2:1101:4452:3090	hs_ref_GRCh38_p12_38	265674	72	75.00	93.33
K00271:265:HNN3CBBXX:2:1101:17300:3090	hs_ref_GRCh38_p12_161	14468072	73	73.00	90.41
K00271:265:HNN3CBBXX:2:1101:20851:3090	hs_ref_GRCh38_p12_252	154353	84	84.00	86.90
K00271:265:HNN3CBBXX:2:1101:21075:3090	hs_ref_GRCh38_p12_80	12470537	45	45.00	100.00
K00271:265:HNN3CBBXX:2:1101:21075:3090	hs_ref_GRCh38_p12_26	126204392	37	37.00	100.00
K00271:265:HNN3CBBXX:2:1101:25804:3090	hs_ref_GRCh38_p12_168	48880683	35	35.00	100.00
K00271:265:HNN3CBBXX:2:1101:26047:3090	hs_ref_GRCh38_p12_252	154140	40	40.00	97.50
K00271:265:HNN3CBBXX:2:1101:26819:3090	hs_ref_GRCh38_p12_46	22672846	67	67.00	100.00
K00271:265:HNN3CBBXX:2:1101:27793:3090	hs_ref_GRCh38_p12_253	133846	76	76.00	94.74
K00271:265:HNN3CBBXX:2:1101:29721:3090	hs_ref_GRCh38_p12_300	3886829	36	36.00	100.00
K00271:265:HNN3CBBXX:2:1101:29721:3090	hs_ref_GRCh38_p12_7	11157547	34	34.00	100.00
K00271:265:HNN3CBBXX:2:1101:6471:3108	hs_ref_GRCh38_p12_69	57183021	49	49.00	100.00
K00271:265:HNN3CBBXX:2:1101:10023:3108	hs_ref_GRCh38_p12_207	17083904	38	38.00	97.37
K00271:265:HNN3CBBXX:2:1101:15361:3108	hs_ref_GRCh38_p12_168	37266290	48	48.00	100.00
K00271:265:HNN3CBBXX:2:1101:20009:3108	hs_ref_GRCh38_p12_290	22034573	36	36.00	100.00
K00271:265:HNN3CBBXX:2:1101:23338:3108	hs_ref_GRCh38_p12_293	7350400	60	60.00	95.00
K00271:265:HNN3CBBXX:2:1101:30949:3108	hs_ref_GRCh38_p12_19	28740105	30	30.00	100.00
K00271:265:HNN3CBBXX:2:1101:10744:3125	hs_ref_GRCh38_p12_69	34675387	43	43.00	95.35
K00271:265:HNN3CBBXX:2:1101:10744:3125	hs_ref_GRCh38_p12_69	34675387	38	38.00	94.74
K00271:265:HNN3CBBXX:2:1101:20121:3125	hs_ref_GRCh38_p12_146	28677132	91	91.00	100.00
K00271:265:HNN3CBBXX:2:1101:26311:3125	hs_ref_GRCh38_p12_297	50491955	49	49.00	95.92
K00271:265:HNN3CBBXX:2:1101:9638:3143	hs_ref_GRCh38_p12_46	119775155	30	30.00	100.00
K00271:265:HNN3CBBXX:2:1101:10855:3143	hs_ref_GRCh38_p12_253	131760	100	100.00	92.00
K00271:265:HNN3CBBXX:2:1101:12459:3143	hs_ref_GRCh38_p12_147	7342931	34	34.00	100.00
K00271:265:HNN3CBBXX:2:1101:15666:3143	hs_ref_GRCh38_p12_61	87462131	57	57.00	98.25
K00271:265:HNN3CBBXX:2:1101:24312:3143	hs_ref_GRCh38_p12_253	131790	71	71.00	97.18
K00271:265:HNN3CBBXX:2:1101:6461:3160	hs_ref_GRCh38_p12_35	57663013	82	82.00	92.68
K00271:265:HNN3CBBXX:2:1101:9506:3160	hs_ref_GRCh38_p12_202	6793764	30	30.00	100.00
K00271:265:HNN3CBBXX:2:1101:20101:3160	hs_ref_GRCh38_p12_253	132100	92	92.00	92.39
K00271:265:HNN3CBBXX:2:1101:20141:3160	hs_ref_GRCh38_p12_207	22798786	41	41.00	97.56
K00271:265:HNN3CBBXX:2:1101:20141:3160	hs_ref_GRCh38_p12_207	22798786	41	41.00	97.56
K00271:265:HNN3CBBXX:2:1101:20141:3160	hs_ref_GRCh38_p12_207	22798786	41	41.00	97.56
K00271:265:HNN3CBBXX:2:1101:20141:3160	hs_ref_GRCh38_p12_207	22798786	41	41.00	97.56
K00271:265:HNN3CBBXX:2:1101:20141:3160	hs_ref_GRCh38_p12_207	22798786	41	41.00	97.56
K00271:265:HNN3CBBXX:2:1101:20141:3160	hs_ref_GRCh38_p12_207	22798786	41	41.00	97.56
K00271:265:HNN3CBBXX:2:1101:20141:3160	hs_ref_GRCh38_p12_207	22798786	41	41.00	97.56
K00271:265:HNN3CBBXX:2:1101:20141:3160	hs_ref_GRCh38_p12_207	22798786	41	41.00	97.56
K00271:265:HNN3CBBXX:2:1101:20141:3160	hs_ref_GRCh38_p12_207	22798787	40	40.00	97.50
K00271:265:HNN3CBBXX:2:1101:20141:3160	hs_ref_GRCh38_p12_207	22798786	31	31.00	100.00
K00271:265:HNN3CBBXX:2:1101:21907:3160	hs_ref_GRCh38_p12_13	38076550	79	84.00	94.05
K00271:265:HNN3CBBXX:2:1101:21907:3160	hs_ref_GRCh38_p12_26	11424647	30	30.00	100.00
K00271:265:HNN3CBBXX:2:1101:23652:3160	hs_ref_GRCh38_p12_64	16311714	46	46.00	93.48
K00271:265:HNN3CBBXX:2:1101:24261:3160	hs_ref_GRCh38_p12_7	9546295	43	43.00	100.00
K00271:265:HNN3CBBXX:2:1101:5578:3178	hs_ref_GRCh38_p12_168	27343416	34	34.00	100.00
K00271:265:HNN3CBBXX:2:1101:6106:3178	hs_ref_GRCh38_p12_293	7034088	31	31.00	100.00
K00271:265:HNN3CBBXX:2:1101:15747:3178	hs_ref_GRCh38_p12_297	12105321	55	55.00	94.55
K00271:265:HNN3CBBXX:2:1101:21288:3178	hs_ref_GRCh38_p12_252	114073	73	73.00	90.41
K00271:265:HNN3CBBXX:2:1101:21775:3178	hs_ref_GRCh38_p12_26	4513106	88	88.00	94.32
K00271:265:HNN3CBBXX:2:1101:22059:3178	hs_ref_GRCh38_p12_68	6323486	30	30.00	100.00
K00271:265:HNN3CBBXX:2:1101:24941:3178	hs_ref_GRCh38_p12_290	23964971	35	35.00	100.00
K00271:265:HNN3CBBXX:2:1101:9242:3196	hs_ref_GRCh38_p12_42	10489851	41	41.00	100.00
K00271:265:HNN3CBBXX:2:1101:14661:3196	hs_ref_GRCh38_p12_8	58300663	33	33.00	100.00
K00271:265:HNN3CBBXX:2:1101:23125:3196	hs_ref_GRCh38_p12_28	30940434	39	39.00	100.00
K00271:265:HNN3CBBXX:2:1101:24809:3196	hs_ref_GRCh38_p12_61	49409438	38	38.00	97.37
K00271:265:HNN3CBBXX:2:1101:8400:3213	hs_ref_GRCh38_p12_201	1056096	40	40.00	100.00
K00271:265:HNN3CBBXX:2:1101:18730:3213	hs_ref_GRCh38_p12_85	32997162	30	30.00	100.00
K00271:265:HNN3CBBXX:2:1101:20598:3213	hs_ref_GRCh38_p12_40	5490961	37	37.00	100.00
K00271:265:HNN3CBBXX:2:1101:23074:3213	hs_ref_GRCh38_p12_117	57770885	39	39.00	100.00
K00271:265:HNN3CBBXX:2:1101:25611:3213	hs_ref_GRCh38_p12_13	62286463	32	32.00	100.00
K00271:265:HNN3CBBXX:2:1101:2463:3231	hs_ref_GRCh38_p12_137	4933362	40	40.00	100.00
K00271:265:HNN3CBBXX:2:1101:3762:3231	hs_ref_GRCh38_p12_8	5840335	30	30.00	100.00
K00271:265:HNN3CBBXX:2:1101:7882:3231	hs_ref_GRCh38_p12_46	39888445	66	66.00	96.97
K00271:265:HNN3CBBXX:2:1101:7882:3231	hs_ref_GRCh38_p12_46	39888440	63	63.00	95.24
K00271:265:HNN3CBBXX:2:1101:16143:3231	hs_ref_GRCh38_p12_79	79038029	31	31.00	100.00
K00271:265:HNN3CBBXX:2:1101:4624:3248	hs_ref_GRCh38_p12_79	66729410	31	31.00	100.00
K00271:265:HNN3CBBXX:2:1101:5172:3248	hs_ref_GRCh38_p12_135	44014817	33	33.00	100.00
K00271:265:HNN3CBBXX:2:1101:5172:3248	hs_ref_GRCh38_p12_86	42074150	32	32.00	100.00
K00271:265:HNN3CBBXX:2:1101:5538:3248	hs_ref_GRCh38_p12_146	28677147	76	76.00	100.00
K00271:265:HNN3CBBXX:2:1101:11546:3248	hs_ref_GRCh38_p12_297	40165089	35	35.00	100.00
K00271:265:HNN3CBBXX:2:1101:18873:3248	hs_ref_GRCh38_p12_161	14468075	79	76.00	92.41
K00271:265:HNN3CBBXX:2:1101:18873:3248	hs_ref_GRCh38_p12_135	40856695	43	43.00	97.67
K00271:265:HNN3CBBXX:2:1101:7436:3266	hs_ref_GRCh38_p12_269	41108	35	35.00	100.00
K00271:265:HNN3CBBXX:2:1101:8146:3266	hs_ref_GRCh38_p12_38	265674	72	72.00	95.83
K00271:265:HNN3CBBXX:2:1101:11556:3266	hs_ref_GRCh38_p12_69	38036191	35	35.00	100.00
K00271:265:HNN3CBBXX:2:1101:26859:3266	hs_ref_GRCh38_p12_79	59171318	32	32.00	100.00
K00271:265:HNN3CBBXX:2:1101:28097:3266	hs_ref_GRCh38_p12_70	2003616	57	57.00	94.74
K00271:265:HNN3CBBXX:2:1101:28097:3266	hs_ref_GRCh38_p12_213	4939022	31	31.00	100.00
K00271:265:HNN3CBBXX:2:1101:29274:3266	hs_ref_GRCh38_p12_133	54226803	60	60.00	90.00
K00271:265:HNN3CBBXX:2:1101:29274:3266	hs_ref_GRCh38_p12_146	7531526	33	33.00	100.00
K00271:265:HNN3CBBXX:2:1101:30371:3266	hs_ref_GRCh38_p12_13	38076550	75	75.00	92.31
K00271:265:HNN3CBBXX:2:1101:30371:3266	hs_ref_GRCh38_p12_13	38076595	34	34.00	100.00
K00271:265:HNN3CBBXX:2:1101:30371:3266	hs_ref_GRCh38_p12_13	38076595	34	34.00	100.00
K00271:265:HNN3CBBXX:2:1101:2128:3283	hs_ref_GRCh38_p12_15	20258720	63	63.00	98.41
K00271:265:HNN3CBBXX:2:1101:2351:3283	hs_ref_GRCh38_p12_19	14405442	41	41.00	95.12
K00271:265:HNN3CBBXX:2:1101:7872:3283	hs_ref_GRCh38_p12_146	58360957	30	30.00	100.00
K00271:265:HNN3CBBXX:2:1101:16153:3283	hs_ref_GRCh38_p12_13	38076550	79	85.00	91.76
K00271:265:HNN3CBBXX:2:1101:16153:3283	hs_ref_GRCh38_p12_13	38076551	78	84.00	92.86
K00271:265:HNN3CBBXX:2:1101:18426:3283	hs_ref_GRCh38_p12_69	65029928	73	73.00	98.63
K00271:265:HNN3CBBXX:2:1101:24454:3283	hs_ref_GRCh38_p12_181	10857002	38	38.00	100.00
K00271:265:HNN3CBBXX:2:1101:2503:3301	hs_ref_GRCh38_p12_215	12572997	37	37.00	100.00
K00271:265:HNN3CBBXX:2:1101:2503:3301	hs_ref_GRCh38_p12_80	2215837	32	32.00	100.00
K00271:265:HNN3CBBXX:2:1101:2503:3301	hs_ref_GRCh38_p12_80	2215837	32	32.00	100.00
K00271:265:HNN3CBBXX:2:1101:2503:3301	hs_ref_GRCh38_p12_80	2215837	32	32.00	100.00
K00271:265:HNN3CBBXX:2:1101:2503:3301	hs_ref_GRCh38_p12_80	2215837	32	32.00	100.00
K00271:265:HNN3CBBXX:2:1101:8592:3301	hs_ref_GRCh38_p12_253	125980	37	37.00	100.00
K00271:265:HNN3CBBXX:2:1101:8755:3301	hs_ref_GRCh38_p12_236	4798989	31	31.00	100.00
K00271:265:HNN3CBBXX:2:1101:9790:3301	hs_ref_GRCh38_p12_19	13869094	39	39.00	100.00
K00271:265:HNN3CBBXX:2:1101:9790:3301	hs_ref_GRCh38_p12_80	2215835	34	34.00	100.00
K00271:265:HNN3CBBXX:2:1101:11089:3301	hs_ref_GRCh38_p12_253	132162	67	67.00	95.52
K00271:265:HNN3CBBXX:2:1101:16204:3301	hs_ref_GRCh38_p12_252	111130	51	51.00	98.04
K00271:265:HNN3CBBXX:2:1101:22232:3301	hs_ref_GRCh38_p12_26	139853899	64	64.00	100.00
K00271:265:HNN3CBBXX:2:1101:8156:3319	hs_ref_GRCh38_p12_72	26724712	43	43.00	97.67
K00271:265:HNN3CBBXX:2:1101:8460:3319	hs_ref_GRCh38_p12_253	131790	71	71.00	97.18
K00271:265:HNN3CBBXX:2:1101:16478:3319	hs_ref_GRCh38_p12_253	89664	98	98.00	97.96
K00271:265:HNN3CBBXX:2:1101:19177:3319	hs_ref_GRCh38_p12_85	29694033	34	34.00	100.00
K00271:265:HNN3CBBXX:2:1101:19177:3319	hs_ref_GRCh38_p12_85	29694029	34	34.00	100.00
K00271:265:HNN3CBBXX:2:1101:2382:3336	hs_ref_GRCh38_p12_146	11377186	41	41.00	100.00
K00271:265:HNN3CBBXX:2:1101:2169:3354	hs_ref_GRCh38_p12_135	35660410	31	31.00	100.00
K00271:265:HNN3CBBXX:2:1101:5213:3354	hs_ref_GRCh38_p12_297	10248295	34	34.00	100.00
K00271:265:HNN3CBBXX:2:1101:18913:3354	hs_ref_GRCh38_p12_297	12105316	66	66.00	93.94
K00271:265:HNN3CBBXX:2:1101:18913:3354	hs_ref_GRCh38_p12_297	12105332	56	56.00	94.64
K00271:265:HNN3CBBXX:2:1101:29630:3354	hs_ref_GRCh38_p12_79	45536762	51	51.00	100.00
K00271:265:HNN3CBBXX:2:1101:16975:3371	hs_ref_GRCh38_p12_13	62286463	32	32.00	100.00
K00271:265:HNN3CBBXX:2:1101:23267:3371	hs_ref_GRCh38_p12_61	20845048	53	53.00	100.00
K00271:265:HNN3CBBXX:2:1101:6837:3389	hs_ref_GRCh38_p12_184	18426472	38	38.00	100.00
K00271:265:HNN3CBBXX:2:1101:6837:3389	hs_ref_GRCh38_p12_135	16505715	30	30.00	100.00

